topic_id,keywords,processed_text_for_model,all_emotion_scores,dominant_emotion,dominant_score,big5_profile_mapped,interpreted_emotion_flavor
1,commits,Explore the emotional landscape surrounding a villain character whose motivations include: commits,"{'sadness': 0.7081036567687988, 'fear': 0.17756560444831848, 'anger': 0.09693760424852371, 'joy': 0.012513511814177036, 'love': 0.0039614466950297356, 'surprise': 0.0009182187495753169}",sadness,0.7081036567687988,"{'Openness': 'Medium', 'Conscientiousness': 'Medium', 'Extraversion': 'Medium', 'Agreeableness': 'Medium', 'Neuroticism': 'High'}",General Sadness
2,kind,Explore the emotional landscape surrounding a villain character whose motivations include: kind,"{'sadness': 0.5946598649024963, 'love': 0.14172346889972687, 'joy': 0.09141941368579865, 'anger': 0.08791548758745193, 'fear': 0.08246996253728867, 'surprise': 0.0018118725856766105}",sadness,0.5946598649024963,"{'Openness': 'Medium', 'Conscientiousness': 'High', 'Extraversion': 'Medium', 'Agreeableness': 'Very Low', 'Neuroticism': 'Medium'}",Feigned Sadness / Manipulative Pity Play
3,family,Explore the emotional landscape surrounding a villain character whose motivations include: family,"{'sadness': 0.6236071586608887, 'fear': 0.24266208708286285, 'anger': 0.10538793355226517, 'joy': 0.01842697151005268, 'love': 0.00871303491294384, 'surprise': 0.0012027863413095474}",sadness,0.6236071586608887,"{'Openness': 'Medium', 'Conscientiousness': 'Medium', 'Extraversion': 'Medium', 'Agreeableness': 'Medium', 'Neuroticism': 'High'}",General Sadness
4,personal,Explore the emotional landscape surrounding a villain character whose motivations include: personal,"{'sadness': 0.6412200331687927, 'fear': 0.20722682774066925, 'anger': 0.11820966750383377, 'joy': 0.022872444242239, 'love': 0.009328433312475681, 'surprise': 0.0011425695847719908}",sadness,0.6412200331687927,"{'Openness': 'Medium', 'Conscientiousness': 'Medium', 'Extraversion': 'Medium', 'Agreeableness': 'Medium', 'Neuroticism': 'High'}",General Sadness
5,enjoys,Explore the emotional landscape surrounding a villain character whose motivations include: enjoys,"{'sadness': 0.6678133010864258, 'fear': 0.16318626701831818, 'anger': 0.1165371760725975, 'joy': 0.03035048581659794, 'love': 0.02083566226065159, 'surprise': 0.0012771020410582423}",sadness,0.6678133010864258,"{'Openness': 'Medium', 'Conscientiousness': 'Medium', 'Extraversion': 'Medium', 'Agreeableness': 'Medium', 'Neuroticism': 'High'}",General Sadness
6,crime,Explore the emotional landscape surrounding a villain character whose motivations include: crime,"{'sadness': 0.4766918122768402, 'fear': 0.3782987594604492, 'anger': 0.12095311284065247, 'joy': 0.016461117193102837, 'love': 0.00624625850468874, 'surprise': 0.0013489749981090426}",sadness,0.4766918122768402,"{'Openness': 'Medium', 'Conscientiousness': 'Medium', 'Extraversion': 'Medium', 'Agreeableness': 'Low', 'Neuroticism': 'High'}",General Sadness
7,boss,Explore the emotional landscape surrounding a villain character whose motivations include: boss,"{'sadness': 0.531734049320221, 'fear': 0.3211497366428375, 'anger': 0.12631218135356903, 'joy': 0.014212490990757942, 'love': 0.005454526282846928, 'surprise': 0.0011370470747351646}",sadness,0.531734049320221,"{'Openness': 'Medium', 'Conscientiousness': 'High', 'Extraversion': 'High', 'Agreeableness': 'Medium', 'Neuroticism': 'High'}",General Sadness
12,mistreatment,Explore the emotional landscape surrounding a villain character whose motivations include: mistreatment,"{'sadness': 0.5550940036773682, 'fear': 0.36657169461250305, 'anger': 0.07053115218877792, 'love': 0.0037486713845282793, 'joy': 0.002840354572981596, 'surprise': 0.0012141416082158685}",sadness,0.5550940036773682,"{'Openness': 'Medium', 'Conscientiousness': 'Medium', 'Extraversion': 'Medium', 'Agreeableness': 'Low', 'Neuroticism': 'High'}",General Sadness
14,past,Explore the emotional landscape surrounding a villain character whose motivations include: past,"{'sadness': 0.6928784251213074, 'fear': 0.19878652691841125, 'anger': 0.08190266788005829, 'joy': 0.019197659566998482, 'love': 0.006166062317788601, 'surprise': 0.0010686347959563136}",sadness,0.6928784251213074,"{'Openness': 'Medium', 'Conscientiousness': 'Medium', 'Extraversion': 'Medium', 'Agreeableness': 'Medium', 'Neuroticism': 'High'}",Haunting Sorrow / Past Trauma Sadness
15,collapse,Explore the emotional landscape surrounding a villain character whose motivations include: collapse,"{'sadness': 0.9234172105789185, 'fear': 0.06124561280012131, 'anger': 0.010101178660988808, 'joy': 0.0034504225477576256, 'love': 0.0012924143811687827, 'surprise': 0.0004932028241455555}",sadness,0.9234172105789183,"{'Openness': 'Medium', 'Conscientiousness': 'Medium', 'Extraversion': 'Medium', 'Agreeableness': 'Medium', 'Neuroticism': 'High'}",Haunting Sorrow / Past Trauma Sadness
16,general,Explore the emotional landscape surrounding a villain character whose motivations include: general,"{'sadness': 0.5020776987075806, 'fear': 0.3448597192764282, 'anger': 0.1271326094865799, 'joy': 0.01804414764046669, 'love': 0.0066715809516608715, 'surprise': 0.001214199815876782}",sadness,0.5020776987075806,"{'Openness': 'Medium', 'Conscientiousness': 'Medium', 'Extraversion': 'Medium', 'Agreeableness': 'Medium', 'Neuroticism': 'High'}",General Sadness
17,death,Explore the emotional landscape surrounding a villain character whose motivations include: death,"{'sadness': 0.8228890299797058, 'fear': 0.1272261142730713, 'anger': 0.03953905031085014, 'joy': 0.006599303800612688, 'love': 0.002977534895762801, 'surprise': 0.0007689283811487257}",sadness,0.8228890299797058,"{'Openness': 'Medium', 'Conscientiousness': 'Medium', 'Extraversion': 'Medium', 'Agreeableness': 'Medium', 'Neuroticism': 'High'}",General Sadness
22,delusion,Explore the emotional landscape surrounding a villain character whose motivations include: delusion,"{'sadness': 0.6023794412612915, 'fear': 0.353893905878067, 'anger': 0.02938009239733219, 'joy': 0.009832428768277168, 'love': 0.003386155469343066, 'surprise': 0.0011279721511527896}",sadness,0.6023794412612915,"{'Openness': 'Medium', 'Conscientiousness': 'Medium', 'Extraversion': 'Medium', 'Agreeableness': 'Medium', 'Neuroticism': 'High'}",General Sadness
23,criminal,Explore the emotional landscape surrounding a villain character whose motivations include: criminal,"{'sadness': 0.38120490312576294, 'fear': 0.37303459644317627, 'anger': 0.22265325486660004, 'joy': 0.016098201274871826, 'love': 0.005628617480397224, 'surprise': 0.0013804864138364792}",sadness,0.3812049031257629,"{'Openness': 'Medium', 'Conscientiousness': 'Medium', 'Extraversion': 'Medium', 'Agreeableness': 'Low', 'Neuroticism': 'High'}",General Sadness
25,mass,Explore the emotional landscape surrounding a villain character whose motivations include: mass,"{'sadness': 0.5292665362358093, 'fear': 0.3260287642478943, 'anger': 0.12227005511522293, 'joy': 0.01571633107960224, 'love': 0.0055323438718914986, 'surprise': 0.0011858857469633222}",sadness,0.5292665362358093,"{'Openness': 'Medium', 'Conscientiousness': 'Medium', 'Extraversion': 'High', 'Agreeableness': 'Medium', 'Neuroticism': 'High'}",General Sadness
28,smoking,Explore the emotional landscape surrounding a villain character whose motivations include: smoking,"{'sadness': 0.5249559283256531, 'fear': 0.27941447496414185, 'anger': 0.17613418400287628, 'joy': 0.011998186819255352, 'love': 0.006281569600105286, 'surprise': 0.0012156922603026032}",sadness,0.5249559283256531,"{'Openness': 'Medium', 'Conscientiousness': 'Medium', 'Extraversion': 'Medium', 'Agreeableness': 'Medium', 'Neuroticism': 'High'}",General Sadness
31,nazi,Explore the emotional landscape surrounding a villain character whose motivations include: nazi,"{'sadness': 0.4971778988838196, 'anger': 0.2863541543483734, 'fear': 0.2003759741783142, 'joy': 0.007344547659158707, 'love': 0.007343906909227371, 'surprise': 0.0014034314081072807}",sadness,0.4971778988838196,"{'Openness': 'Low', 'Conscientiousness': 'Medium', 'Extraversion': 'Medium', 'Agreeableness': 'Medium', 'Neuroticism': 'High'}",General Sadness
32,german,Explore the emotional landscape surrounding a villain character whose motivations include: german,"{'sadness': 0.49522116780281067, 'fear': 0.3330194652080536, 'anger': 0.14664232730865479, 'joy': 0.016150526702404022, 'love': 0.007682825904339552, 'surprise': 0.0012836781097576022}",sadness,0.4952211678028106,"{'Openness': 'Low', 'Conscientiousness': 'Medium', 'Extraversion': 'Medium', 'Agreeableness': 'Medium', 'Neuroticism': 'High'}",General Sadness
33,abuse,Explore the emotional landscape surrounding a villain character whose motivations include: abuse,"{'sadness': 0.9124669432640076, 'fear': 0.06356838345527649, 'anger': 0.019757770001888275, 'joy': 0.0020331055857241154, 'love': 0.0015961674507707357, 'surprise': 0.0005775581812486053}",sadness,0.9124669432640076,"{'Openness': 'Medium', 'Conscientiousness': 'Medium', 'Extraversion': 'Medium', 'Agreeableness': 'Low', 'Neuroticism': 'High'}",General Sadness
34,two-face,Explore the emotional landscape surrounding a villain character whose motivations include: two-face,"{'sadness': 0.5206009149551392, 'fear': 0.3298933506011963, 'anger': 0.12896235287189484, 'joy': 0.014163781888782978, 'love': 0.005183052737265825, 'surprise': 0.0011964996811002493}",sadness,0.5206009149551392,"{'Openness': 'Medium', 'Conscientiousness': 'High', 'Extraversion': 'Medium', 'Agreeableness': 'Very Low', 'Neuroticism': 'Medium'}",Feigned Sadness / Manipulative Pity Play
35,desire,Explore the emotional landscape surrounding a villain character whose motivations include: desire,"{'sadness': 0.5567933917045593, 'fear': 0.26074984669685364, 'anger': 0.15278001129627228, 'joy': 0.015681929886341095, 'love': 0.012637668289244175, 'surprise': 0.001357200089842081}",sadness,0.5567933917045593,"{'Openness': 'Medium', 'Conscientiousness': 'Medium', 'Extraversion': 'Medium', 'Agreeableness': 'Medium', 'Neuroticism': 'High'}",General Sadness
36,depression,Explore the emotional landscape surrounding a villain character whose motivations include: depression,"{'sadness': 0.9436998963356018, 'fear': 0.037092287093400955, 'anger': 0.014591177925467491, 'joy': 0.0025946139357984066, 'love': 0.001560509903356433, 'surprise': 0.0004614342760760337}",sadness,0.9436998963356018,"{'Openness': 'Medium', 'Conscientiousness': 'Medium', 'Extraversion': 'Medium', 'Agreeableness': 'Medium', 'Neuroticism': 'High'}",General Sadness
37,racism,Explore the emotional landscape surrounding a villain character whose motivations include: racism,"{'sadness': 0.6819782257080078, 'anger': 0.25096768140792847, 'fear': 0.05687098205089569, 'joy': 0.005673693958669901, 'love': 0.0035733834374696016, 'surprise': 0.0009359729592688382}",sadness,0.6819782257080078,"{'Openness': 'Medium', 'Conscientiousness': 'Medium', 'Extraversion': 'Medium', 'Agreeableness': 'Low', 'Neuroticism': 'High'}",General Sadness
40,leadership ,Explore the emotional landscape surrounding a villain character whose motivations include: leadership ,"{'sadness': 0.45091554522514343, 'fear': 0.20526935160160065, 'joy': 0.1668626219034195, 'anger': 0.16315744817256927, 'love': 0.012224119156599045, 'surprise': 0.001571004162542522}",sadness,0.4509155452251434,"{'Openness': 'Medium', 'Conscientiousness': 'Medium', 'Extraversion': 'Medium', 'Agreeableness': 'Medium', 'Neuroticism': 'High'}",General Sadness
44,like,Explore the emotional landscape surrounding a villain character whose motivations include: like,"{'sadness': 0.6784090399742126, 'fear': 0.2102005034685135, 'anger': 0.08836720138788223, 'joy': 0.015202596783638, 'love': 0.006685198750346899, 'surprise': 0.0011354502057656646}",sadness,0.6784090399742126,"{'Openness': 'Medium', 'Conscientiousness': 'Medium', 'Extraversion': 'Medium', 'Agreeableness': 'Medium', 'Neuroticism': 'High'}",General Sadness
45,evil ,Explore the emotional landscape surrounding a villain character whose motivations include: evil ,"{'sadness': 0.7579984068870544, 'anger': 0.22418376803398132, 'fear': 0.009459342807531357, 'joy': 0.005594323854893446, 'love': 0.0022364151664078236, 'surprise': 0.0005276788724586368}",sadness,0.7579984068870544,"{'Openness': 'Medium', 'Conscientiousness': 'Medium', 'Extraversion': 'Medium', 'Agreeableness': 'Medium', 'Neuroticism': 'High'}",General Sadness
46,dark,Explore the emotional landscape surrounding a villain character whose motivations include: dark,"{'sadness': 0.632810652256012, 'fear': 0.2957891821861267, 'anger': 0.06069205701351166, 'joy': 0.006564369425177574, 'love': 0.003120886394754052, 'surprise': 0.0010228123283013701}",sadness,0.632810652256012,"{'Openness': 'Medium', 'Conscientiousness': 'Medium', 'Extraversion': 'Medium', 'Agreeableness': 'Medium', 'Neuroticism': 'High'}",General Sadness
47,staff,Explore the emotional landscape surrounding a villain character whose motivations include: staff,"{'sadness': 0.538770854473114, 'fear': 0.31259921193122864, 'anger': 0.12504169344902039, 'joy': 0.01683288812637329, 'love': 0.005556813906878233, 'surprise': 0.001198519952595234}",sadness,0.538770854473114,"{'Openness': 'Medium', 'Conscientiousness': 'Medium', 'Extraversion': 'Medium', 'Agreeableness': 'Medium', 'Neuroticism': 'High'}",General Sadness
48,control,Explore the emotional landscape surrounding a villain character whose motivations include: control,"{'sadness': 0.5333987474441528, 'fear': 0.3101900815963745, 'anger': 0.11906076222658157, 'joy': 0.029930269345641136, 'love': 0.006198613438755274, 'surprise': 0.0012214748421683908}",sadness,0.5333987474441528,"{'Openness': 'Medium', 'Conscientiousness': 'High', 'Extraversion': 'Medium', 'Agreeableness': 'Low', 'Neuroticism': 'High'}",General Sadness
49,disorder,Explore the emotional landscape surrounding a villain character whose motivations include: disorder,"{'sadness': 0.5937857031822205, 'fear': 0.3168066740036011, 'anger': 0.07817165553569794, 'joy': 0.007362870499491692, 'love': 0.0026970303151756525, 'surprise': 0.0011760672787204385}",sadness,0.5937857031822205,"{'Openness': 'Medium', 'Conscientiousness': 'Low', 'Extraversion': 'Medium', 'Agreeableness': 'Medium', 'Neuroticism': 'High'}",General Sadness
50,power,Explore the emotional landscape surrounding a villain character whose motivations include: power,"{'sadness': 0.5041113495826721, 'fear': 0.2977236807346344, 'anger': 0.1615372747182846, 'joy': 0.027822192758321762, 'love': 0.0074411965906620026, 'surprise': 0.0013643528800457716}",sadness,0.5041113495826721,"{'Openness': 'Medium', 'Conscientiousness': 'Medium', 'Extraversion': 'High', 'Agreeableness': 'Medium', 'Neuroticism': 'High'}",General Sadness
54,violence,Explore the emotional landscape surrounding a villain character whose motivations include: violence,"{'sadness': 0.39268386363983154, 'anger': 0.3143666982650757, 'fear': 0.28047633171081543, 'joy': 0.0077962446957826614, 'love': 0.003527233609929681, 'surprise': 0.0011495801154524088}",sadness,0.3926838636398315,"{'Openness': 'Medium', 'Conscientiousness': 'Medium', 'Extraversion': 'Medium', 'Agreeableness': 'Medium', 'Neuroticism': 'High'}",General Sadness
55,luxury,Explore the emotional landscape surrounding a villain character whose motivations include: luxury,"{'sadness': 0.6622791290283203, 'fear': 0.2016908824443817, 'anger': 0.08695917576551437, 'joy': 0.0373065359890461, 'love': 0.010509191080927849, 'surprise': 0.0012550677638500929}",sadness,0.6622791290283203,"{'Openness': 'Medium', 'Conscientiousness': 'Medium', 'Extraversion': 'Medium', 'Agreeableness': 'Medium', 'Neuroticism': 'High'}",General Sadness
56,kill,Explore the emotional landscape surrounding a villain character whose motivations include: kill,"{'sadness': 0.49681589007377625, 'fear': 0.27532127499580383, 'anger': 0.21045038104057312, 'joy': 0.012016422115266323, 'love': 0.0043050809763371944, 'surprise': 0.0010910265846177936}",sadness,0.4968158900737762,"{'Openness': 'Medium', 'Conscientiousness': 'Medium', 'Extraversion': 'Medium', 'Agreeableness': 'Medium', 'Neuroticism': 'High'}",General Sadness
58,lack,Explore the emotional landscape surrounding a villain character whose motivations include: lack,"{'sadness': 0.877250611782074, 'fear': 0.09498665481805801, 'anger': 0.02200508303940296, 'joy': 0.003264805069193244, 'love': 0.001864807098172605, 'surprise': 0.0006280445959419012}",sadness,0.877250611782074,"{'Openness': 'Medium', 'Conscientiousness': 'Medium', 'Extraversion': 'Medium', 'Agreeableness': 'Medium', 'Neuroticism': 'High'}",General Sadness
59,love,Explore the emotional landscape surrounding a villain character whose motivations include: love,"{'sadness': 0.7226056456565857, 'fear': 0.12442731112241745, 'anger': 0.1012653335928917, 'love': 0.03266677260398865, 'joy': 0.017699621617794037, 'surprise': 0.0013353971298784018}",sadness,0.7226056456565857,"{'Openness': 'Medium', 'Conscientiousness': 'Medium', 'Extraversion': 'Medium', 'Agreeableness': 'Medium', 'Neuroticism': 'High'}",General Sadness
62,misogyny,Explore the emotional landscape surrounding a villain character whose motivations include: misogyny,"{'sadness': 0.9451351165771484, 'anger': 0.050361745059490204, 'fear': 0.002922599669545889, 'joy': 0.0007070971769280732, 'love': 0.0005328828701749444, 'surprise': 0.0003405134775675833}",sadness,0.9451351165771484,"{'Openness': 'Medium', 'Conscientiousness': 'Medium', 'Extraversion': 'Medium', 'Agreeableness': 'Low', 'Neuroticism': 'High'}",General Sadness
63,belief,Explore the emotional landscape surrounding a villain character whose motivations include: belief,"{'sadness': 0.4460943043231964, 'fear': 0.38132286071777344, 'anger': 0.12799696624279022, 'joy': 0.036592114716768265, 'love': 0.006601657718420029, 'surprise': 0.001392111531458795}",sadness,0.4460943043231964,"{'Openness': 'Low', 'Conscientiousness': 'Medium', 'Extraversion': 'Medium', 'Agreeableness': 'Medium', 'Neuroticism': 'High'}",General Sadness
64,victim,Explore the emotional landscape surrounding a villain character whose motivations include: victim,"{'sadness': 0.6197136044502258, 'fear': 0.3110857903957367, 'anger': 0.058048065751791, 'joy': 0.0072150942869484425, 'love': 0.002827086253091693, 'surprise': 0.0011104136938229203}",sadness,0.6197136044502258,"{'Openness': 'Medium', 'Conscientiousness': 'High', 'Extraversion': 'Medium', 'Agreeableness': 'Very Low', 'Neuroticism': 'Medium'}",Feigned Sadness / Manipulative Pity Play
65,commander,Explore the emotional landscape surrounding a villain character whose motivations include: commander,"{'sadness': 0.5365967154502869, 'fear': 0.34156447649002075, 'anger': 0.09688375890254974, 'joy': 0.017360258847475052, 'love': 0.0064654224552214146, 'surprise': 0.0011293143033981323}",sadness,0.5365967154502869,"{'Openness': 'Medium', 'Conscientiousness': 'High', 'Extraversion': 'High', 'Agreeableness': 'Medium', 'Neuroticism': 'High'}",General Sadness
66,perversion,Explore the emotional landscape surrounding a villain character whose motivations include: perversion,"{'sadness': 0.6552175283432007, 'anger': 0.19450397789478302, 'fear': 0.133649080991745, 'joy': 0.010646453127264977, 'love': 0.004942060448229313, 'surprise': 0.0010409244569018483}",sadness,0.6552175283432007,"{'Openness': 'Medium', 'Conscientiousness': 'Medium', 'Extraversion': 'Medium', 'Agreeableness': 'Medium', 'Neuroticism': 'High'}",General Sadness
67,strength,Explore the emotional landscape surrounding a villain character whose motivations include: strength,"{'sadness': 0.5586191415786743, 'fear': 0.27125808596611023, 'anger': 0.11365561932325363, 'joy': 0.04313694313168526, 'love': 0.011952674016356468, 'surprise': 0.0013775421539321542}",sadness,0.5586191415786743,"{'Openness': 'Medium', 'Conscientiousness': 'Medium', 'Extraversion': 'Medium', 'Agreeableness': 'Medium', 'Neuroticism': 'High'}",General Sadness
69,anger,Explore the emotional landscape surrounding a villain character whose motivations include: anger,"{'sadness': 0.4780312478542328, 'anger': 0.3603413701057434, 'fear': 0.14775337278842926, 'joy': 0.009110987186431885, 'love': 0.003746860893443227, 'surprise': 0.0010161481332033873}",sadness,0.4780312478542328,"{'Openness': 'Medium', 'Conscientiousness': 'Medium', 'Extraversion': 'Medium', 'Agreeableness': 'Very Low', 'Neuroticism': 'Very High'}",Vengeful Sadness / Bitter Resentment
71,morality,Explore the emotional landscape surrounding a villain character whose motivations include: morality,"{'sadness': 0.4972626566886902, 'anger': 0.2696040868759155, 'fear': 0.1766747236251831, 'joy': 0.04510786384344101, 'love': 0.010154776275157928, 'surprise': 0.0011959710391238332}",sadness,0.4972626566886902,"{'Openness': 'Medium', 'Conscientiousness': 'Medium', 'Extraversion': 'Medium', 'Agreeableness': 'Medium', 'Neuroticism': 'High'}",General Sadness
73,joke,Explore the emotional landscape surrounding a villain character whose motivations include: joke,"{'sadness': 0.513378381729126, 'anger': 0.26249125599861145, 'fear': 0.20240171253681183, 'joy': 0.01590564474463463, 'love': 0.004620345775038004, 'surprise': 0.001202735467813909}",sadness,0.513378381729126,"{'Openness': 'Medium', 'Conscientiousness': 'Medium', 'Extraversion': 'High', 'Agreeableness': 'Medium', 'Neuroticism': 'High'}",General Sadness
74,obsession,Explore the emotional landscape surrounding a villain character whose motivations include: obsession,"{'sadness': 0.3934071958065033, 'fear': 0.3903777599334717, 'anger': 0.20086830854415894, 'love': 0.0076907421462237835, 'joy': 0.0061383373104035854, 'surprise': 0.0015177108580246568}",sadness,0.3934071958065033,"{'Openness': 'Medium', 'Conscientiousness': 'Medium', 'Extraversion': 'Medium', 'Agreeableness': 'Medium', 'Neuroticism': 'High'}",General Sadness
75,individual,Explore the emotional landscape surrounding a villain character whose motivations include: individual,"{'sadness': 0.5962721109390259, 'fear': 0.2729876637458801, 'anger': 0.10221263766288757, 'joy': 0.021459423005580902, 'love': 0.005906729027628899, 'surprise': 0.0011614842806011438}",sadness,0.5962721109390259,"{'Openness': 'Medium', 'Conscientiousness': 'Medium', 'Extraversion': 'Medium', 'Agreeableness': 'Medium', 'Neuroticism': 'High'}",General Sadness
77,drug,Explore the emotional landscape surrounding a villain character whose motivations include: drug,"{'sadness': 0.6866017580032349, 'fear': 0.21642901003360748, 'anger': 0.08060472458600998, 'joy': 0.009784596040844917, 'love': 0.005500844679772854, 'surprise': 0.0010790759697556496}",sadness,0.6866017580032349,"{'Openness': 'Medium', 'Conscientiousness': 'Low', 'Extraversion': 'Medium', 'Agreeableness': 'Medium', 'Neuroticism': 'High'}",General Sadness
85,enjoy,Explore the emotional landscape surrounding a villain character whose motivations include: enjoy,"{'sadness': 0.7357825040817261, 'fear': 0.11334086954593658, 'anger': 0.09184804558753967, 'joy': 0.04188841953873634, 'love': 0.01601819321513176, 'surprise': 0.0011219728039577603}",sadness,0.7357825040817261,"{'Openness': 'Medium', 'Conscientiousness': 'Medium', 'Extraversion': 'Medium', 'Agreeableness': 'Medium', 'Neuroticism': 'High'}",General Sadness
86,torment ,Explore the emotional landscape surrounding a villain character whose motivations include: torment ,"{'sadness': 0.7816569805145264, 'fear': 0.1080319881439209, 'anger': 0.10254143923521042, 'joy': 0.003806843888014555, 'love': 0.00316027645021677, 'surprise': 0.000802499707788229}",sadness,0.7816569805145264,"{'Openness': 'Medium', 'Conscientiousness': 'Medium', 'Extraversion': 'Medium', 'Agreeableness': 'Low', 'Neuroticism': 'High'}",General Sadness
87,laughter,Explore the emotional landscape surrounding a villain character whose motivations include: laughter,"{'sadness': 0.5393251180648804, 'fear': 0.2626296877861023, 'anger': 0.1635097861289978, 'joy': 0.024700520560145378, 'love': 0.008268740028142929, 'surprise': 0.0015661843353882432}",sadness,0.5393251180648804,"{'Openness': 'Medium', 'Conscientiousness': 'Medium', 'Extraversion': 'High', 'Agreeableness': 'Medium', 'Neuroticism': 'High'}",General Sadness
88,fight,Explore the emotional landscape surrounding a villain character whose motivations include: fight,"{'sadness': 0.4919426441192627, 'anger': 0.24567903578281403, 'fear': 0.23782972991466522, 'joy': 0.017517194151878357, 'love': 0.005940019153058529, 'surprise': 0.0010914134327322245}",sadness,0.4919426441192627,"{'Openness': 'Medium', 'Conscientiousness': 'Medium', 'Extraversion': 'Medium', 'Agreeableness': 'Medium', 'Neuroticism': 'High'}",General Sadness
89,hunter,Explore the emotional landscape surrounding a villain character whose motivations include: hunter,"{'sadness': 0.4559067189693451, 'fear': 0.432386577129364, 'anger': 0.08933684229850769, 'joy': 0.014083794318139553, 'love': 0.007035751361399889, 'surprise': 0.0012503273319453}",sadness,0.4559067189693451,"{'Openness': 'Medium', 'Conscientiousness': 'Medium', 'Extraversion': 'Medium', 'Agreeableness': 'Medium', 'Neuroticism': 'High'}",General Sadness
90,betrayal ,Explore the emotional landscape surrounding a villain character whose motivations include: betrayal ,"{'sadness': 0.583640456199646, 'anger': 0.24222351610660553, 'fear': 0.1605156660079956, 'love': 0.006585455033928156, 'joy': 0.0059719146229326725, 'surprise': 0.0010629631578922272}",sadness,0.583640456199646,"{'Openness': 'Medium', 'Conscientiousness': 'Medium', 'Extraversion': 'Medium', 'Agreeableness': 'Very Low', 'Neuroticism': 'Very High'}",Vengeful Sadness / Bitter Resentment
91,emphasize,Explore the emotional landscape surrounding a villain character whose motivations include: emphasize,"{'sadness': 0.6979250907897949, 'fear': 0.1701412945985794, 'anger': 0.10245814919471741, 'joy': 0.02246924676001072, 'love': 0.006030762102454901, 'surprise': 0.0009754188940860331}",sadness,0.6979250907897949,"{'Openness': 'Medium', 'Conscientiousness': 'Medium', 'Extraversion': 'Medium', 'Agreeableness': 'Medium', 'Neuroticism': 'High'}",General Sadness
92,fluent,Explore the emotional landscape surrounding a villain character whose motivations include: fluent,"{'sadness': 0.3548920750617981, 'joy': 0.32217636704444885, 'fear': 0.19955192506313324, 'anger': 0.11374484747648239, 'love': 0.007726237177848816, 'surprise': 0.0019085496896877885}",sadness,0.3548920750617981,"{'Openness': 'Medium', 'Conscientiousness': 'Medium', 'Extraversion': 'High', 'Agreeableness': 'Medium', 'Neuroticism': 'High'}",General Sadness
94,touch,Explore the emotional landscape surrounding a villain character whose motivations include: touch,"{'sadness': 0.543719470500946, 'fear': 0.30538278818130493, 'anger': 0.09858398139476776, 'joy': 0.026923013851046562, 'love': 0.023806124925613403, 'surprise': 0.0015846573514863849}",sadness,0.543719470500946,"{'Openness': 'Medium', 'Conscientiousness': 'Medium', 'Extraversion': 'Medium', 'Agreeableness': 'Medium', 'Neuroticism': 'High'}",General Sadness
95,mean,Explore the emotional landscape surrounding a villain character whose motivations include: mean,"{'sadness': 0.618022620677948, 'anger': 0.2686195969581604, 'fear': 0.09912048280239105, 'joy': 0.009267537854611874, 'love': 0.004083061125129461, 'surprise': 0.000886652385815978}",sadness,0.618022620677948,"{'Openness': 'Medium', 'Conscientiousness': 'Medium', 'Extraversion': 'Medium', 'Agreeableness': 'Low', 'Neuroticism': 'High'}",General Sadness
98,military,Explore the emotional landscape surrounding a villain character whose motivations include: military,"{'sadness': 0.5922936797142029, 'fear': 0.3035683333873749, 'anger': 0.08304741978645325, 'joy': 0.01338331587612629, 'love': 0.006582373753190041, 'surprise': 0.0011248219525441527}",sadness,0.5922936797142029,"{'Openness': 'Medium', 'Conscientiousness': 'Medium', 'Extraversion': 'Medium', 'Agreeableness': 'Medium', 'Neuroticism': 'High'}",General Sadness
99,destroy,Explore the emotional landscape surrounding a villain character whose motivations include: destroy,"{'sadness': 0.7616773843765259, 'anger': 0.12607231736183167, 'fear': 0.09833408892154694, 'joy': 0.00989365205168724, 'love': 0.0032638043630868196, 'surprise': 0.0007588391308672726}",sadness,0.7616773843765259,"{'Openness': 'Medium', 'Conscientiousness': 'Low', 'Extraversion': 'Medium', 'Agreeableness': 'Medium', 'Neuroticism': 'High'}",General Sadness
103,loneliness,Explore the emotional landscape surrounding a villain character whose motivations include: loneliness,"{'sadness': 0.9506128430366516, 'fear': 0.034372683614492416, 'anger': 0.009960483759641647, 'love': 0.002592854667454958, 'joy': 0.0019934289157390594, 'surprise': 0.00046784081496298313}",sadness,0.9506128430366516,"{'Openness': 'Medium', 'Conscientiousness': 'Medium', 'Extraversion': 'Very Low', 'Agreeableness': 'Medium', 'Neuroticism': 'High'}",Lonely Despair / Isolated Sorrow
104,beauty,Explore the emotional landscape surrounding a villain character whose motivations include: beauty,"{'sadness': 0.6663906574249268, 'fear': 0.16926318407058716, 'anger': 0.11531764268875122, 'joy': 0.03437504917383194, 'love': 0.01333976536989212, 'surprise': 0.0013136595953255892}",sadness,0.6663906574249268,"{'Openness': 'Medium', 'Conscientiousness': 'Medium', 'Extraversion': 'Medium', 'Agreeableness': 'Medium', 'Neuroticism': 'High'}",General Sadness
106,specific,Explore the emotional landscape surrounding a villain character whose motivations include: specific,"{'sadness': 0.4877051115036011, 'fear': 0.3135664761066437, 'anger': 0.14638753235340118, 'joy': 0.042908165603876114, 'love': 0.007972595281898975, 'surprise': 0.0014599317219108343}",sadness,0.4877051115036011,"{'Openness': 'Medium', 'Conscientiousness': 'Medium', 'Extraversion': 'Medium', 'Agreeableness': 'Medium', 'Neuroticism': 'High'}",General Sadness
108,pessimism,Explore the emotional landscape surrounding a villain character whose motivations include: pessimism,"{'sadness': 0.37474334239959717, 'anger': 0.31603047251701355, 'fear': 0.26276031136512756, 'joy': 0.03778339549899101, 'love': 0.007221131585538387, 'surprise': 0.0014613589737564325}",sadness,0.3747433423995971,"{'Openness': 'Medium', 'Conscientiousness': 'Medium', 'Extraversion': 'Medium', 'Agreeableness': 'Medium', 'Neuroticism': 'High'}",General Sadness
109,bullet,Explore the emotional landscape surrounding a villain character whose motivations include: bullet,"{'sadness': 0.4991377592086792, 'fear': 0.3840978443622589, 'anger': 0.09839068353176117, 'joy': 0.01123824343085289, 'love': 0.005942932795733213, 'surprise': 0.00119251967407763}",sadness,0.4991377592086792,"{'Openness': 'Medium', 'Conscientiousness': 'Medium', 'Extraversion': 'Medium', 'Agreeableness': 'Medium', 'Neuroticism': 'High'}",General Sadness
111,survive,Explore the emotional landscape surrounding a villain character whose motivations include: survive,"{'sadness': 0.7982128262519836, 'fear': 0.08803404867649078, 'joy': 0.07220344990491867, 'anger': 0.03309379145503044, 'love': 0.00750559801235795, 'surprise': 0.0009502095635980368}",sadness,0.7982128262519836,"{'Openness': 'Medium', 'Conscientiousness': 'Medium', 'Extraversion': 'Medium', 'Agreeableness': 'Medium', 'Neuroticism': 'High'}",General Sadness
112,teardrop,Explore the emotional landscape surrounding a villain character whose motivations include: teardrop,"{'sadness': 0.8350645899772644, 'fear': 0.11702080070972443, 'anger': 0.034527529031038284, 'joy': 0.006772504188120365, 'love': 0.005773402750492096, 'surprise': 0.0008411425515078008}",sadness,0.8350645899772644,"{'Openness': 'Medium', 'Conscientiousness': 'Medium', 'Extraversion': 'Medium', 'Agreeableness': 'Medium', 'Neuroticism': 'High'}",General Sadness
115,nurse,Explore the emotional landscape surrounding a villain character whose motivations include: nurse,"{'sadness': 0.5111475586891174, 'fear': 0.37713396549224854, 'anger': 0.0898013487458229, 'joy': 0.014180518686771393, 'love': 0.006471376866102219, 'surprise': 0.0012651560828089714}",sadness,0.5111475586891174,"{'Openness': 'Medium', 'Conscientiousness': 'Medium', 'Extraversion': 'Medium', 'Agreeableness': 'Medium', 'Neuroticism': 'High'}",General Sadness
117,absolute,Explore the emotional landscape surrounding a villain character whose motivations include: absolute,"{'sadness': 0.5786597728729248, 'fear': 0.21884052455425262, 'anger': 0.14573484659194946, 'joy': 0.04466269910335541, 'love': 0.010857654735445976, 'surprise': 0.0012444972526282072}",sadness,0.5786597728729248,"{'Openness': 'Medium', 'Conscientiousness': 'Medium', 'Extraversion': 'Medium', 'Agreeableness': 'Medium', 'Neuroticism': 'High'}",General Sadness
118,unresolved,Explore the emotional landscape surrounding a villain character whose motivations include: unresolved,"{'sadness': 0.8268325924873352, 'fear': 0.15262143313884735, 'anger': 0.014357867650687695, 'joy': 0.004244552459567785, 'love': 0.0013310210779309273, 'surprise': 0.0006124802166596055}",sadness,0.8268325924873352,"{'Openness': 'High', 'Conscientiousness': 'Medium', 'Extraversion': 'Medium', 'Agreeableness': 'Medium', 'Neuroticism': 'High'}",General Sadness
119,issue ,Explore the emotional landscape surrounding a villain character whose motivations include: issue ,"{'sadness': 0.6465550065040588, 'fear': 0.2651955485343933, 'anger': 0.07112044841051102, 'joy': 0.011645005084574223, 'love': 0.004521035123616457, 'surprise': 0.0009630658896639943}",sadness,0.6465550065040588,"{'Openness': 'High', 'Conscientiousness': 'Medium', 'Extraversion': 'Medium', 'Agreeableness': 'Medium', 'Neuroticism': 'High'}",General Sadness
121,madness,Explore the emotional landscape surrounding a villain character whose motivations include: madness,"{'sadness': 0.635692298412323, 'fear': 0.268433541059494, 'anger': 0.08406329154968262, 'joy': 0.007980297319591045, 'love': 0.002615216886624694, 'surprise': 0.0012153338175266981}",sadness,0.635692298412323,"{'Openness': 'Medium', 'Conscientiousness': 'Medium', 'Extraversion': 'Medium', 'Agreeableness': 'Medium', 'Neuroticism': 'High'}",General Sadness
122,shark,Explore the emotional landscape surrounding a villain character whose motivations include: shark,"{'sadness': 0.5018987059593201, 'fear': 0.3770469129085541, 'anger': 0.10111220926046371, 'joy': 0.012221199460327625, 'love': 0.006468914914876223, 'surprise': 0.0012520917225629091}",sadness,0.5018987059593201,"{'Openness': 'Medium', 'Conscientiousness': 'Medium', 'Extraversion': 'Medium', 'Agreeableness': 'Medium', 'Neuroticism': 'High'}",General Sadness
123,hope,Explore the emotional landscape surrounding a villain character whose motivations include: hope,"{'sadness': 0.649169385433197, 'fear': 0.22126014530658722, 'anger': 0.07901890575885773, 'joy': 0.03895546868443489, 'love': 0.010458404198288918, 'surprise': 0.0011376551119610667}",sadness,0.649169385433197,"{'Openness': 'Medium', 'Conscientiousness': 'Medium', 'Extraversion': 'Medium', 'Agreeableness': 'Medium', 'Neuroticism': 'High'}",General Sadness
125,underlie ,Explore the emotional landscape surrounding a villain character whose motivations include: underlie ,"{'sadness': 0.5340126156806946, 'fear': 0.31595146656036377, 'anger': 0.12603060901165009, 'joy': 0.016758177429437637, 'love': 0.006026390474289656, 'surprise': 0.0012207726249471307}",sadness,0.5340126156806946,"{'Openness': 'Medium', 'Conscientiousness': 'Medium', 'Extraversion': 'Medium', 'Agreeableness': 'Medium', 'Neuroticism': 'High'}",General Sadness
127,fail,Explore the emotional landscape surrounding a villain character whose motivations include: fail,"{'sadness': 0.8776327967643738, 'fear': 0.07174726575613022, 'anger': 0.04171287640929222, 'joy': 0.006611011456698179, 'love': 0.00170074962079525, 'surprise': 0.0005952873034402728}",sadness,0.8776327967643738,"{'Openness': 'Medium', 'Conscientiousness': 'Medium', 'Extraversion': 'Medium', 'Agreeableness': 'Medium', 'Neuroticism': 'High'}",General Sadness
128,armor,Explore the emotional landscape surrounding a villain character whose motivations include: armor,"{'sadness': 0.6372365355491638, 'fear': 0.2614849805831909, 'anger': 0.07772860676050186, 'joy': 0.015608510933816433, 'love': 0.006859387271106243, 'surprise': 0.001081967493519187}",sadness,0.6372365355491638,"{'Openness': 'Medium', 'Conscientiousness': 'Medium', 'Extraversion': 'Medium', 'Agreeableness': 'Medium', 'Neuroticism': 'High'}",General Sadness
131,extravagance,Explore the emotional landscape surrounding a villain character whose motivations include: extravagance,"{'sadness': 0.4351535439491272, 'fear': 0.42213431000709534, 'anger': 0.08139564841985703, 'joy': 0.04931982234120369, 'love': 0.010268951766192913, 'surprise': 0.0017277126898989081}",sadness,0.4351535439491272,"{'Openness': 'Medium', 'Conscientiousness': 'High', 'Extraversion': 'Medium', 'Agreeableness': 'Very Low', 'Neuroticism': 'Medium'}",Feigned Sadness / Manipulative Pity Play
133,trauma ,Explore the emotional landscape surrounding a villain character whose motivations include: trauma ,"{'sadness': 0.8670350909233093, 'fear': 0.1071014553308487, 'anger': 0.0184380691498518, 'joy': 0.00446104584261775, 'love': 0.0022298581898212433, 'surprise': 0.0007344287005253136}",sadness,0.8670350909233093,"{'Openness': 'Medium', 'Conscientiousness': 'Medium', 'Extraversion': 'Medium', 'Agreeableness': 'Medium', 'Neuroticism': 'High'}",Haunting Sorrow / Past Trauma Sadness
134,stress ,Explore the emotional landscape surrounding a villain character whose motivations include: stress ,"{'sadness': 0.7776962518692017, 'fear': 0.137512668967247, 'anger': 0.07121337950229645, 'joy': 0.009559610858559608, 'love': 0.00321875954978168, 'surprise': 0.0007993473554961383}",sadness,0.7776962518692017,"{'Openness': 'Medium', 'Conscientiousness': 'Medium', 'Extraversion': 'Medium', 'Agreeableness': 'Medium', 'Neuroticism': 'High'}",Haunting Sorrow / Past Trauma Sadness
135,earn ,Explore the emotional landscape surrounding a villain character whose motivations include: earn ,"{'sadness': 0.7255159020423889, 'anger': 0.15387912094593048, 'fear': 0.08243732154369354, 'joy': 0.032277610152959824, 'love': 0.0049277241341769695, 'surprise': 0.0009623717633076012}",sadness,0.7255159020423889,"{'Openness': 'Medium', 'Conscientiousness': 'Medium', 'Extraversion': 'Medium', 'Agreeableness': 'Medium', 'Neuroticism': 'High'}",General Sadness
136,malfunction,Explore the emotional landscape surrounding a villain character whose motivations include: malfunction,"{'sadness': 0.8019188642501831, 'fear': 0.176356703042984, 'anger': 0.016160275787115097, 'joy': 0.00377913611009717, 'love': 0.0009830689523369074, 'surprise': 0.00080198107752949}",sadness,0.8019188642501831,"{'Openness': 'Medium', 'Conscientiousness': 'Medium', 'Extraversion': 'Medium', 'Agreeableness': 'Medium', 'Neuroticism': 'High'}",General Sadness
138,figure ,Explore the emotional landscape surrounding a villain character whose motivations include: figure ,"{'sadness': 0.5001958608627319, 'fear': 0.38496243953704834, 'anger': 0.08489805459976196, 'joy': 0.0223875530064106, 'love': 0.006360434927046299, 'surprise': 0.0011956067755818367}",sadness,0.5001958608627319,"{'Openness': 'Medium', 'Conscientiousness': 'Medium', 'Extraversion': 'Medium', 'Agreeableness': 'Medium', 'Neuroticism': 'High'}",General Sadness
140,machine,Explore the emotional landscape surrounding a villain character whose motivations include: machine,"{'sadness': 0.5662591457366943, 'fear': 0.3091614842414856, 'anger': 0.10458088666200638, 'joy': 0.013372334651648998, 'love': 0.005465642549097538, 'surprise': 0.001160584855824709}",sadness,0.5662591457366943,"{'Openness': 'Medium', 'Conscientiousness': 'Medium', 'Extraversion': 'Medium', 'Agreeableness': 'Medium', 'Neuroticism': 'High'}",General Sadness
141,internal ,Explore the emotional landscape surrounding a villain character whose motivations include: internal ,"{'sadness': 0.6568074226379395, 'fear': 0.25066614151000977, 'anger': 0.07420370727777481, 'joy': 0.011923830024898052, 'love': 0.005356980487704277, 'surprise': 0.001041892683133483}",sadness,0.6568074226379395,"{'Openness': 'Medium', 'Conscientiousness': 'Medium', 'Extraversion': 'Medium', 'Agreeableness': 'Medium', 'Neuroticism': 'High'}",General Sadness
143,expressionless,Explore the emotional landscape surrounding a villain character whose motivations include: expressionless,"{'sadness': 0.6108342409133911, 'fear': 0.18965503573417664, 'anger': 0.18265853822231293, 'joy': 0.013650757260620594, 'love': 0.0019932673312723637, 'surprise': 0.0012081501772627234}",sadness,0.6108342409133911,"{'Openness': 'Medium', 'Conscientiousness': 'Medium', 'Extraversion': 'Low', 'Agreeableness': 'Medium', 'Neuroticism': 'High'}",General Sadness
144,obtain ,Explore the emotional landscape surrounding a villain character whose motivations include: obtain ,"{'sadness': 0.5124163627624512, 'fear': 0.3032226264476776, 'anger': 0.13844023644924164, 'joy': 0.038010429590940475, 'love': 0.006548999808728695, 'surprise': 0.001361316186375916}",sadness,0.5124163627624512,"{'Openness': 'Medium', 'Conscientiousness': 'Medium', 'Extraversion': 'Medium', 'Agreeableness': 'Medium', 'Neuroticism': 'High'}",General Sadness
146,switch,Explore the emotional landscape surrounding a villain character whose motivations include: switch,"{'sadness': 0.45147404074668884, 'fear': 0.4158800542354584, 'anger': 0.10812895745038986, 'joy': 0.01750287227332592, 'love': 0.005803870037198067, 'surprise': 0.001210230402648449}",sadness,0.4514740407466888,"{'Openness': 'Medium', 'Conscientiousness': 'High', 'Extraversion': 'Medium', 'Agreeableness': 'Very Low', 'Neuroticism': 'Medium'}",Feigned Sadness / Manipulative Pity Play
147,work,Explore the emotional landscape surrounding a villain character whose motivations include: work,"{'sadness': 0.6481274962425232, 'fear': 0.20290589332580566, 'anger': 0.11981438100337982, 'joy': 0.02174883894622326, 'love': 0.006330091971904039, 'surprise': 0.0010732361115515232}",sadness,0.6481274962425232,"{'Openness': 'Medium', 'Conscientiousness': 'High', 'Extraversion': 'Medium', 'Agreeableness': 'Medium', 'Neuroticism': 'High'}",General Sadness
149,fire ,Explore the emotional landscape surrounding a villain character whose motivations include: fire ,"{'sadness': 0.4643291234970093, 'fear': 0.3658815622329712, 'anger': 0.1479259580373764, 'joy': 0.013215973041951656, 'love': 0.0073930355720222, 'surprise': 0.0012544497149065137}",sadness,0.4643291234970093,"{'Openness': 'Medium', 'Conscientiousness': 'Medium', 'Extraversion': 'Medium', 'Agreeableness': 'Medium', 'Neuroticism': 'High'}",General Sadness
153,abuse ,Explore the emotional landscape surrounding a villain character whose motivations include: abuse ,"{'sadness': 0.9124669432640076, 'fear': 0.06356838345527649, 'anger': 0.019757770001888275, 'joy': 0.0020331055857241154, 'love': 0.0015961674507707357, 'surprise': 0.0005775581812486053}",sadness,0.9124669432640076,"{'Openness': 'Medium', 'Conscientiousness': 'Medium', 'Extraversion': 'Medium', 'Agreeableness': 'Low', 'Neuroticism': 'High'}",General Sadness
155,tragic,Explore the emotional landscape surrounding a villain character whose motivations include: tragic,"{'sadness': 0.9987261891365051, 'anger': 0.0003773836069740355, 'joy': 0.0002781797666102648, 'fear': 0.00026138301473110914, 'love': 0.0002503289724700153, 'surprise': 0.00010644167196005583}",sadness,0.9987261891365052,"{'Openness': 'Low', 'Conscientiousness': 'Medium', 'Extraversion': 'Medium', 'Agreeableness': 'Medium', 'Neuroticism': 'High'}",Tragic Resignation / World-Weary Sadness
157,solve ,Explore the emotional landscape surrounding a villain character whose motivations include: solve ,"{'sadness': 0.6396247148513794, 'fear': 0.22438399493694305, 'anger': 0.10076511651277542, 'joy': 0.027594663202762604, 'love': 0.006480080075562, 'surprise': 0.0011513831559568644}",sadness,0.6396247148513794,"{'Openness': 'Medium', 'Conscientiousness': 'High', 'Extraversion': 'Medium', 'Agreeableness': 'Medium', 'Neuroticism': 'High'}",General Sadness
159,psychopath,Explore the emotional landscape surrounding a villain character whose motivations include: psychopath,"{'sadness': 0.5647421479225159, 'fear': 0.2946292757987976, 'anger': 0.1287902146577835, 'joy': 0.007371556479483843, 'love': 0.002956034615635872, 'surprise': 0.00151073036249727}",sadness,0.5647421479225159,"{'Openness': 'Medium', 'Conscientiousness': 'Medium', 'Extraversion': 'Medium', 'Agreeableness': 'Medium', 'Neuroticism': 'High'}",General Sadness
160,worker,Explore the emotional landscape surrounding a villain character whose motivations include: worker,"{'sadness': 0.5376634001731873, 'fear': 0.3423861265182495, 'anger': 0.10062225908041, 'joy': 0.012890126556158066, 'love': 0.005238422658294439, 'surprise': 0.0011996811954304576}",sadness,0.5376634001731873,"{'Openness': 'Medium', 'Conscientiousness': 'Medium', 'Extraversion': 'Medium', 'Agreeableness': 'Medium', 'Neuroticism': 'High'}",General Sadness
161,massacre,Explore the emotional landscape surrounding a villain character whose motivations include: massacre,"{'sadness': 0.5130940079689026, 'fear': 0.36309269070625305, 'anger': 0.11515650153160095, 'joy': 0.005050084553658962, 'love': 0.0024220647756010294, 'surprise': 0.0011846519773826003}",sadness,0.5130940079689026,"{'Openness': 'Medium', 'Conscientiousness': 'Medium', 'Extraversion': 'Medium', 'Agreeableness': 'Low', 'Neuroticism': 'High'}",General Sadness
162,bleeding,Explore the emotional landscape surrounding a villain character whose motivations include: bleeding,"{'sadness': 0.8151516914367676, 'fear': 0.14674369990825653, 'anger': 0.0325273722410202, 'joy': 0.0027968180365860462, 'love': 0.002026870148256421, 'surprise': 0.0007535609765909612}",sadness,0.8151516914367676,"{'Openness': 'Medium', 'Conscientiousness': 'Medium', 'Extraversion': 'Medium', 'Agreeableness': 'Medium', 'Neuroticism': 'High'}",General Sadness
163,strongly,Explore the emotional landscape surrounding a villain character whose motivations include: strongly,"{'sadness': 0.6170353889465332, 'fear': 0.24931326508522034, 'anger': 0.10370728373527527, 'joy': 0.018559079617261887, 'love': 0.010275643318891525, 'surprise': 0.00110929599031806}",sadness,0.6170353889465332,"{'Openness': 'Medium', 'Conscientiousness': 'Medium', 'Extraversion': 'Medium', 'Agreeableness': 'Medium', 'Neuroticism': 'High'}",General Sadness
165,frail,Explore the emotional landscape surrounding a villain character whose motivations include: frail,"{'sadness': 0.7041881084442139, 'fear': 0.2871866226196289, 'anger': 0.0033792194444686174, 'love': 0.002055137185379863, 'joy': 0.002029344206675887, 'surprise': 0.0011615508701652288}",sadness,0.7041881084442139,"{'Openness': 'Medium', 'Conscientiousness': 'Medium', 'Extraversion': 'Medium', 'Agreeableness': 'Medium', 'Neuroticism': 'High'}",General Sadness
166,good,Explore the emotional landscape surrounding a villain character whose motivations include: good,"{'sadness': 0.4766349196434021, 'joy': 0.42678263783454895, 'anger': 0.05504554882645607, 'fear': 0.02507605403661728, 'love': 0.01547357626259327, 'surprise': 0.000987142906524241}",sadness,0.4766349196434021,"{'Openness': 'Medium', 'Conscientiousness': 'High', 'Extraversion': 'Medium', 'Agreeableness': 'Very Low', 'Neuroticism': 'Medium'}",Feigned Sadness / Manipulative Pity Play
167,authority ,Explore the emotional landscape surrounding a villain character whose motivations include: authority ,"{'sadness': 0.46544820070266724, 'fear': 0.3151302635669708, 'anger': 0.15702097117900848, 'joy': 0.05322655662894249, 'love': 0.0077406978234648705, 'surprise': 0.0014334358274936676}",sadness,0.4654482007026672,"{'Openness': 'Low', 'Conscientiousness': 'Medium', 'Extraversion': 'Medium', 'Agreeableness': 'Medium', 'Neuroticism': 'High'}",General Sadness
168,immortality,Explore the emotional landscape surrounding a villain character whose motivations include: immortality,"{'sadness': 0.5776431560516357, 'fear': 0.16993902623653412, 'joy': 0.1307699829339981, 'anger': 0.10399248450994492, 'love': 0.01597881130874157, 'surprise': 0.0016765318578109145}",sadness,0.5776431560516357,"{'Openness': 'Medium', 'Conscientiousness': 'Medium', 'Extraversion': 'Medium', 'Agreeableness': 'Medium', 'Neuroticism': 'High'}",General Sadness
171,cover ,Explore the emotional landscape surrounding a villain character whose motivations include: cover ,"{'sadness': 0.6645945906639099, 'fear': 0.221257284283638, 'anger': 0.08913552016019821, 'joy': 0.017320256680250168, 'love': 0.006685313768684864, 'surprise': 0.0010070169810205698}",sadness,0.6645945906639099,"{'Openness': 'Medium', 'Conscientiousness': 'Medium', 'Extraversion': 'Medium', 'Agreeableness': 'Medium', 'Neuroticism': 'High'}",General Sadness
173,guilty,Explore the emotional landscape surrounding a villain character whose motivations include: guilty,"{'sadness': 0.9401018619537354, 'fear': 0.03120226226747036, 'anger': 0.02357318066060543, 'joy': 0.003245116211473942, 'love': 0.0014651231467723846, 'surprise': 0.00041260701254941523}",sadness,0.9401018619537354,"{'Openness': 'Medium', 'Conscientiousness': 'Medium', 'Extraversion': 'Medium', 'Agreeableness': 'Medium', 'Neuroticism': 'High'}",General Sadness
174,fulfill ,Explore the emotional landscape surrounding a villain character whose motivations include: fulfill ,"{'sadness': 0.7008747458457947, 'fear': 0.1382608562707901, 'anger': 0.08781926333904266, 'joy': 0.06258054077625275, 'love': 0.00937845278531313, 'surprise': 0.0010860718321055174}",sadness,0.7008747458457947,"{'Openness': 'Medium', 'Conscientiousness': 'High', 'Extraversion': 'Medium', 'Agreeableness': 'Medium', 'Neuroticism': 'High'}",General Sadness
176,dislike,Explore the emotional landscape surrounding a villain character whose motivations include: dislike,"{'sadness': 0.7658585906028748, 'anger': 0.17528414726257324, 'fear': 0.046289145946502686, 'love': 0.00817263312637806, 'joy': 0.0035511457826942205, 'surprise': 0.0008443325641565025}",sadness,0.7658585906028748,"{'Openness': 'Medium', 'Conscientiousness': 'Medium', 'Extraversion': 'Medium', 'Agreeableness': 'Low', 'Neuroticism': 'High'}",General Sadness
177,revive,Explore the emotional landscape surrounding a villain character whose motivations include: revive,"{'sadness': 0.7940440773963928, 'fear': 0.09792323410511017, 'joy': 0.0809996947646141, 'anger': 0.019418977200984955, 'love': 0.006670477334409952, 'surprise': 0.0009435546817258}",sadness,0.7940440773963928,"{'Openness': 'Medium', 'Conscientiousness': 'Medium', 'Extraversion': 'Medium', 'Agreeableness': 'Medium', 'Neuroticism': 'High'}",General Sadness
178,amuse,Explore the emotional landscape surrounding a villain character whose motivations include: amuse,"{'sadness': 0.6978692412376404, 'anger': 0.1371004283428192, 'fear': 0.09148621559143066, 'joy': 0.06017763540148735, 'love': 0.012393087148666382, 'surprise': 0.0009734019986353815}",sadness,0.6978692412376404,"{'Openness': 'Medium', 'Conscientiousness': 'Medium', 'Extraversion': 'High', 'Agreeableness': 'Medium', 'Neuroticism': 'High'}",General Sadness
179,sacrifice ,Explore the emotional landscape surrounding a villain character whose motivations include: sacrifice ,"{'sadness': 0.865325927734375, 'anger': 0.06920021027326584, 'fear': 0.03397121652960777, 'joy': 0.02069971151649952, 'love': 0.010176373645663261, 'surprise': 0.000626648950856179}",sadness,0.865325927734375,"{'Openness': 'Low', 'Conscientiousness': 'Medium', 'Extraversion': 'Medium', 'Agreeableness': 'Medium', 'Neuroticism': 'High'}",Tragic Resignation / World-Weary Sadness
180,anticipate ,Explore the emotional landscape surrounding a villain character whose motivations include: anticipate ,"{'sadness': 0.6764357686042786, 'fear': 0.2176388055086136, 'anger': 0.06254809349775314, 'joy': 0.03532835468649864, 'love': 0.007023288868367672, 'surprise': 0.001025639707222581}",sadness,0.6764357686042786,"{'Openness': 'Medium', 'Conscientiousness': 'Medium', 'Extraversion': 'Medium', 'Agreeableness': 'Medium', 'Neuroticism': 'High'}",General Sadness
181,potential,Explore the emotional landscape surrounding a villain character whose motivations include: potential,"{'sadness': 0.5237866044044495, 'fear': 0.3022383749485016, 'anger': 0.11379768699407578, 'joy': 0.050094373524188995, 'love': 0.008764859288930893, 'surprise': 0.001318112714216113}",sadness,0.5237866044044495,"{'Openness': 'Medium', 'Conscientiousness': 'Medium', 'Extraversion': 'Medium', 'Agreeableness': 'Medium', 'Neuroticism': 'High'}",General Sadness
182,count,Explore the emotional landscape surrounding a villain character whose motivations include: count,"{'sadness': 0.5096561908721924, 'fear': 0.36815527081489563, 'anger': 0.09841664135456085, 'joy': 0.017145251855254173, 'love': 0.005401729606091976, 'surprise': 0.0012248825514689088}",sadness,0.5096561908721924,"{'Openness': 'Medium', 'Conscientiousness': 'Medium', 'Extraversion': 'Medium', 'Agreeableness': 'Medium', 'Neuroticism': 'High'}",General Sadness
183,lean ,Explore the emotional landscape surrounding a villain character whose motivations include: lean ,"{'sadness': 0.6028259992599487, 'fear': 0.18436621129512787, 'anger': 0.16285450756549835, 'joy': 0.0331236757338047, 'love': 0.015672311186790466, 'surprise': 0.0011572266230359674}",sadness,0.6028259992599487,"{'Openness': 'Medium', 'Conscientiousness': 'Medium', 'Extraversion': 'Medium', 'Agreeableness': 'Medium', 'Neuroticism': 'High'}",General Sadness
185,grand ,Explore the emotional landscape surrounding a villain character whose motivations include: grand ,"{'sadness': 0.4353415369987488, 'joy': 0.347268670797348, 'fear': 0.11330857127904892, 'anger': 0.09106390923261642, 'love': 0.011133415624499321, 'surprise': 0.0018839495023712516}",sadness,0.4353415369987488,"{'Openness': 'Medium', 'Conscientiousness': 'Medium', 'Extraversion': 'Medium', 'Agreeableness': 'Medium', 'Neuroticism': 'High'}",General Sadness
188,humanity ,Explore the emotional landscape surrounding a villain character whose motivations include: humanity ,"{'sadness': 0.5674821138381958, 'fear': 0.24483145773410797, 'anger': 0.15132546424865723, 'joy': 0.026254868134856224, 'love': 0.008770674467086792, 'surprise': 0.0013354397378861904}",sadness,0.5674821138381958,"{'Openness': 'Medium', 'Conscientiousness': 'High', 'Extraversion': 'Medium', 'Agreeableness': 'Very Low', 'Neuroticism': 'Medium'}",Feigned Sadness / Manipulative Pity Play
189,die,Explore the emotional landscape surrounding a villain character whose motivations include: die,"{'sadness': 0.8655896186828613, 'fear': 0.06976921111345291, 'anger': 0.05567369610071182, 'joy': 0.0058959550224244595, 'love': 0.0024739671498537064, 'surprise': 0.0005975330714136362}",sadness,0.8655896186828613,"{'Openness': 'Medium', 'Conscientiousness': 'Medium', 'Extraversion': 'Medium', 'Agreeableness': 'Medium', 'Neuroticism': 'High'}",General Sadness
190,nature,Explore the emotional landscape surrounding a villain character whose motivations include: nature,"{'sadness': 0.598308801651001, 'fear': 0.2298484891653061, 'anger': 0.14375711977481842, 'joy': 0.01912696100771427, 'love': 0.007826648652553558, 'surprise': 0.0011320135090500116}",sadness,0.598308801651001,"{'Openness': 'Medium', 'Conscientiousness': 'High', 'Extraversion': 'Medium', 'Agreeableness': 'Very Low', 'Neuroticism': 'Medium'}",Feigned Sadness / Manipulative Pity Play
194,gain,Explore the emotional landscape surrounding a villain character whose motivations include: gain,"{'sadness': 0.6741020679473877, 'fear': 0.1697862148284912, 'anger': 0.12740877270698547, 'joy': 0.022302838042378426, 'love': 0.0053442600183188915, 'surprise': 0.0010558405192568898}",sadness,0.6741020679473877,"{'Openness': 'Medium', 'Conscientiousness': 'Medium', 'Extraversion': 'Medium', 'Agreeableness': 'Low', 'Neuroticism': 'High'}",General Sadness
196,discrimination ,Explore the emotional landscape surrounding a villain character whose motivations include: discrimination ,"{'sadness': 0.711922824382782, 'fear': 0.1578379124403, 'anger': 0.11884919553995132, 'joy': 0.006684793159365654, 'love': 0.0036364407278597355, 'surprise': 0.00106884038541466}",sadness,0.711922824382782,"{'Openness': 'Medium', 'Conscientiousness': 'Medium', 'Extraversion': 'Medium', 'Agreeableness': 'Low', 'Neuroticism': 'High'}",General Sadness
197,unlike ,Explore the emotional landscape surrounding a villain character whose motivations include: unlike ,"{'sadness': 0.6842846274375916, 'fear': 0.19727389514446259, 'anger': 0.09967666864395142, 'joy': 0.012522333301603794, 'love': 0.0051766023971140385, 'surprise': 0.0010658579412847757}",sadness,0.6842846274375916,"{'Openness': 'Medium', 'Conscientiousness': 'Medium', 'Extraversion': 'Medium', 'Agreeableness': 'Medium', 'Neuroticism': 'High'}",General Sadness
198,prison ,Explore the emotional landscape surrounding a villain character whose motivations include: prison ,"{'sadness': 0.6273347735404968, 'fear': 0.26282742619514465, 'anger': 0.09196561574935913, 'joy': 0.011636934243142605, 'love': 0.005147351883351803, 'surprise': 0.0010878616012632847}",sadness,0.6273347735404968,"{'Openness': 'Medium', 'Conscientiousness': 'Medium', 'Extraversion': 'Medium', 'Agreeableness': 'Medium', 'Neuroticism': 'High'}",General Sadness
199,order,Explore the emotional landscape surrounding a villain character whose motivations include: order,"{'sadness': 0.5689346194267273, 'fear': 0.3269873857498169, 'anger': 0.08189722895622253, 'joy': 0.01599125936627388, 'love': 0.00507391570135951, 'surprise': 0.0011155846295878291}",sadness,0.5689346194267273,"{'Openness': 'Medium', 'Conscientiousness': 'High', 'Extraversion': 'Medium', 'Agreeableness': 'Medium', 'Neuroticism': 'High'}",General Sadness
200,joy,Explore the emotional landscape surrounding a villain character whose motivations include: joy,"{'sadness': 0.7274172306060791, 'joy': 0.1434023231267929, 'fear': 0.07059814035892487, 'anger': 0.034597426652908325, 'love': 0.02273067831993103, 'surprise': 0.0012542186304926872}",sadness,0.7274172306060791,"{'Openness': 'Medium', 'Conscientiousness': 'Medium', 'Extraversion': 'Medium', 'Agreeableness': 'Medium', 'Neuroticism': 'High'}",General Sadness
202,knowledge ,Explore the emotional landscape surrounding a villain character whose motivations include: knowledge ,"{'sadness': 0.4939890503883362, 'fear': 0.32782936096191406, 'anger': 0.13328507542610168, 'joy': 0.03613824397325516, 'love': 0.007311076391488314, 'surprise': 0.001447071204893291}",sadness,0.4939890503883362,"{'Openness': 'High', 'Conscientiousness': 'Medium', 'Extraversion': 'Medium', 'Agreeableness': 'Medium', 'Neuroticism': 'High'}",General Sadness
203,consume,Explore the emotional landscape surrounding a villain character whose motivations include: consume,"{'sadness': 0.6388012766838074, 'fear': 0.18620173633098602, 'anger': 0.15297959744930267, 'joy': 0.016247518360614777, 'love': 0.0047387294471263885, 'surprise': 0.0010311558144167066}",sadness,0.6388012766838074,"{'Openness': 'Medium', 'Conscientiousness': 'Low', 'Extraversion': 'Medium', 'Agreeableness': 'Medium', 'Neuroticism': 'High'}",General Sadness
204,survive,Explore the emotional landscape surrounding a villain character whose motivations include: survive,"{'sadness': 0.7982128262519836, 'fear': 0.08803404867649078, 'joy': 0.07220344990491867, 'anger': 0.03309379145503044, 'love': 0.00750559801235795, 'surprise': 0.0009502095635980368}",sadness,0.7982128262519836,"{'Openness': 'Medium', 'Conscientiousness': 'Medium', 'Extraversion': 'Medium', 'Agreeableness': 'Medium', 'Neuroticism': 'High'}",General Sadness
208,pleasure,Explore the emotional landscape surrounding a villain character whose motivations include: pleasure,"{'sadness': 0.6985118389129639, 'fear': 0.14195628464221954, 'anger': 0.11333873867988586, 'joy': 0.032261576503515244, 'love': 0.012610781006515026, 'surprise': 0.0013207007432356477}",sadness,0.6985118389129639,"{'Openness': 'Medium', 'Conscientiousness': 'Medium', 'Extraversion': 'Medium', 'Agreeableness': 'Medium', 'Neuroticism': 'High'}",General Sadness
210,perceive,Explore the emotional landscape surrounding a villain character whose motivations include: perceive,"{'sadness': 0.687553346157074, 'fear': 0.24712562561035156, 'anger': 0.04572376608848572, 'joy': 0.014487446285784245, 'love': 0.004041535779833794, 'surprise': 0.0010683761211112142}",sadness,0.687553346157074,"{'Openness': 'Medium', 'Conscientiousness': 'Medium', 'Extraversion': 'Medium', 'Agreeableness': 'Medium', 'Neuroticism': 'High'}",General Sadness
211,destruction ,Explore the emotional landscape surrounding a villain character whose motivations include: destruction ,"{'sadness': 0.8738074898719788, 'fear': 0.07049913704395294, 'anger': 0.04575416445732117, 'joy': 0.006974424701184034, 'love': 0.0023650480434298515, 'surprise': 0.0005996808176860213}",sadness,0.8738074898719788,"{'Openness': 'Medium', 'Conscientiousness': 'Low', 'Extraversion': 'Medium', 'Agreeableness': 'Medium', 'Neuroticism': 'High'}",General Sadness
212,actor ,Explore the emotional landscape surrounding a villain character whose motivations include: actor ,"{'sadness': 0.5405108332633972, 'fear': 0.38063061237335205, 'anger': 0.05511645972728729, 'joy': 0.016513321548700333, 'love': 0.006041267886757851, 'surprise': 0.0011875282507389784}",sadness,0.5405108332633972,"{'Openness': 'Medium', 'Conscientiousness': 'Medium', 'Extraversion': 'High', 'Agreeableness': 'Medium', 'Neuroticism': 'High'}",General Sadness
213,perversion ,Explore the emotional landscape surrounding a villain character whose motivations include: perversion ,"{'sadness': 0.6552175283432007, 'anger': 0.19450397789478302, 'fear': 0.133649080991745, 'joy': 0.010646453127264977, 'love': 0.004942060448229313, 'surprise': 0.0010409244569018483}",sadness,0.6552175283432007,"{'Openness': 'Medium', 'Conscientiousness': 'Medium', 'Extraversion': 'Medium', 'Agreeableness': 'Medium', 'Neuroticism': 'High'}",General Sadness
216,provide,Explore the emotional landscape surrounding a villain character whose motivations include: provide,"{'sadness': 0.6915128231048584, 'fear': 0.17357395589351654, 'anger': 0.09459812194108963, 'joy': 0.0301112849265337, 'love': 0.00911980215460062, 'surprise': 0.0010840195463970304}",sadness,0.6915128231048584,"{'Openness': 'Medium', 'Conscientiousness': 'Medium', 'Extraversion': 'Medium', 'Agreeableness': 'Medium', 'Neuroticism': 'High'}",General Sadness
217,uniform ,Explore the emotional landscape surrounding a villain character whose motivations include: uniform ,"{'sadness': 0.6965905427932739, 'fear': 0.1697811335325241, 'anger': 0.09290628135204315, 'joy': 0.03422112762928009, 'love': 0.005543993320316076, 'surprise': 0.0009568866225890815}",sadness,0.6965905427932739,"{'Openness': 'Low', 'Conscientiousness': 'Medium', 'Extraversion': 'Medium', 'Agreeableness': 'Medium', 'Neuroticism': 'High'}",General Sadness
218,revive,Explore the emotional landscape surrounding a villain character whose motivations include: revive,"{'sadness': 0.7940440773963928, 'fear': 0.09792323410511017, 'joy': 0.0809996947646141, 'anger': 0.019418977200984955, 'love': 0.006670477334409952, 'surprise': 0.0009435546817258}",sadness,0.7940440773963928,"{'Openness': 'Medium', 'Conscientiousness': 'Medium', 'Extraversion': 'Medium', 'Agreeableness': 'Medium', 'Neuroticism': 'High'}",General Sadness
219,scar ,Explore the emotional landscape surrounding a villain character whose motivations include: scar ,"{'sadness': 0.596238374710083, 'fear': 0.2761387228965759, 'anger': 0.11114814877510071, 'joy': 0.00998187530785799, 'love': 0.005323384888470173, 'surprise': 0.0011695335851982236}",sadness,0.596238374710083,"{'Openness': 'Medium', 'Conscientiousness': 'Medium', 'Extraversion': 'Medium', 'Agreeableness': 'Low', 'Neuroticism': 'High'}",General Sadness
220,enrage,Explore the emotional landscape surrounding a villain character whose motivations include: enrage,"{'sadness': 0.3953436017036438, 'anger': 0.3694651424884796, 'fear': 0.22048267722129822, 'joy': 0.009407225996255875, 'love': 0.004180226940661669, 'surprise': 0.0011210874654352665}",sadness,0.3953436017036438,"{'Openness': 'Medium', 'Conscientiousness': 'Medium', 'Extraversion': 'Medium', 'Agreeableness': 'Low', 'Neuroticism': 'High'}",General Sadness
221,victim,Explore the emotional landscape surrounding a villain character whose motivations include: victim,"{'sadness': 0.6197136044502258, 'fear': 0.3110857903957367, 'anger': 0.058048065751791, 'joy': 0.0072150942869484425, 'love': 0.002827086253091693, 'surprise': 0.0011104136938229203}",sadness,0.6197136044502258,"{'Openness': 'Medium', 'Conscientiousness': 'High', 'Extraversion': 'Medium', 'Agreeableness': 'Very Low', 'Neuroticism': 'Medium'}",Feigned Sadness / Manipulative Pity Play
225,slaves,Explore the emotional landscape surrounding a villain character whose motivations include: slaves,"{'sadness': 0.5842837691307068, 'fear': 0.30803197622299194, 'anger': 0.09170176088809967, 'joy': 0.00936936680227518, 'love': 0.005334062036126852, 'surprise': 0.0012790275504812598}",sadness,0.5842837691307068,"{'Openness': 'Medium', 'Conscientiousness': 'Medium', 'Extraversion': 'Medium', 'Agreeableness': 'Low', 'Neuroticism': 'High'}",General Sadness
226,manner,Explore the emotional landscape surrounding a villain character whose motivations include: manner,"{'sadness': 0.4492655396461487, 'fear': 0.3809594213962555, 'anger': 0.1401127278804779, 'joy': 0.02126491069793701, 'love': 0.007149112410843372, 'surprise': 0.001248289830982685}",sadness,0.4492655396461487,"{'Openness': 'Medium', 'Conscientiousness': 'High', 'Extraversion': 'Medium', 'Agreeableness': 'Very Low', 'Neuroticism': 'Medium'}",Feigned Sadness / Manipulative Pity Play
228,empathy ,Explore the emotional landscape surrounding a villain character whose motivations include: empathy ,"{'sadness': 0.6772288084030151, 'fear': 0.23464040458202362, 'anger': 0.05406797304749489, 'joy': 0.021931268274784088, 'love': 0.010741811245679855, 'surprise': 0.0013898059260100126}",sadness,0.6772288084030151,"{'Openness': 'Medium', 'Conscientiousness': 'Medium', 'Extraversion': 'Medium', 'Agreeableness': 'Low', 'Neuroticism': 'High'}",General Sadness
231,build ,Explore the emotional landscape surrounding a villain character whose motivations include: build ,"{'sadness': 0.6360057592391968, 'fear': 0.2166193425655365, 'anger': 0.12415049970149994, 'joy': 0.01666869781911373, 'love': 0.005511653143912554, 'surprise': 0.00104406732134521}",sadness,0.6360057592391968,"{'Openness': 'Medium', 'Conscientiousness': 'Medium', 'Extraversion': 'Medium', 'Agreeableness': 'Medium', 'Neuroticism': 'High'}",General Sadness
234,handling ,Explore the emotional landscape surrounding a villain character whose motivations include: handling ,"{'sadness': 0.5638240575790405, 'fear': 0.3306565284729004, 'anger': 0.07127422839403152, 'joy': 0.019258731976151466, 'love': 0.013548712246119976, 'surprise': 0.0014376504113897681}",sadness,0.5638240575790405,"{'Openness': 'Medium', 'Conscientiousness': 'Medium', 'Extraversion': 'Medium', 'Agreeableness': 'Medium', 'Neuroticism': 'High'}",General Sadness
235,attach,Explore the emotional landscape surrounding a villain character whose motivations include: attach,"{'sadness': 0.7214818000793457, 'fear': 0.1749178022146225, 'anger': 0.07746938616037369, 'joy': 0.017606113106012344, 'love': 0.007588720414787531, 'surprise': 0.0009362136479467154}",sadness,0.7214818000793457,"{'Openness': 'Medium', 'Conscientiousness': 'Medium', 'Extraversion': 'Medium', 'Agreeableness': 'Medium', 'Neuroticism': 'High'}",General Sadness
236,excessive ,Explore the emotional landscape surrounding a villain character whose motivations include: excessive ,"{'sadness': 0.9615505337715149, 'anger': 0.018273234367370605, 'fear': 0.017679177224636078, 'joy': 0.0015059198485687375, 'love': 0.0006950909155420959, 'surprise': 0.00029606372117996216}",sadness,0.9615505337715148,"{'Openness': 'Medium', 'Conscientiousness': 'Medium', 'Extraversion': 'Medium', 'Agreeableness': 'Medium', 'Neuroticism': 'High'}",General Sadness
237,weak ,Explore the emotional landscape surrounding a villain character whose motivations include: weak ,"{'sadness': 0.9434593915939331, 'fear': 0.042711447924375534, 'anger': 0.010931129567325115, 'joy': 0.0017321913037449121, 'love': 0.0007973213796503842, 'surprise': 0.0003686043492052704}",sadness,0.9434593915939332,"{'Openness': 'Medium', 'Conscientiousness': 'Medium', 'Extraversion': 'Medium', 'Agreeableness': 'Medium', 'Neuroticism': 'High'}",General Sadness
238,care,Explore the emotional landscape surrounding a villain character whose motivations include: care,"{'sadness': 0.6747522950172424, 'fear': 0.17436203360557556, 'anger': 0.0939466804265976, 'joy': 0.03909897059202194, 'love': 0.016539882868528366, 'surprise': 0.0013001805637031794}",sadness,0.6747522950172424,"{'Openness': 'Medium', 'Conscientiousness': 'Medium', 'Extraversion': 'Medium', 'Agreeableness': 'Medium', 'Neuroticism': 'High'}",General Sadness
240,feel,Explore the emotional landscape surrounding a villain character whose motivations include: feel,"{'sadness': 0.9193583726882935, 'fear': 0.04772095009684563, 'joy': 0.01443568803369999, 'love': 0.009973708540201187, 'anger': 0.007861985825002193, 'surprise': 0.0006493465625680983}",sadness,0.9193583726882936,"{'Openness': 'Medium', 'Conscientiousness': 'Medium', 'Extraversion': 'Medium', 'Agreeableness': 'Medium', 'Neuroticism': 'High'}",General Sadness
242,humor,Explore the emotional landscape surrounding a villain character whose motivations include: humor,"{'sadness': 0.6361115574836731, 'anger': 0.1735246330499649, 'fear': 0.10554298758506775, 'joy': 0.06333286315202713, 'love': 0.019990961998701096, 'surprise': 0.0014970178017392755}",sadness,0.6361115574836731,"{'Openness': 'Medium', 'Conscientiousness': 'Medium', 'Extraversion': 'High', 'Agreeableness': 'Medium', 'Neuroticism': 'High'}",General Sadness
244,determination,Explore the emotional landscape surrounding a villain character whose motivations include: determination,"{'sadness': 0.5253519415855408, 'fear': 0.24957488477230072, 'anger': 0.13187800347805023, 'joy': 0.07567156851291656, 'love': 0.01601065881550312, 'surprise': 0.001512874267064035}",sadness,0.5253519415855408,"{'Openness': 'Medium', 'Conscientiousness': 'High', 'Extraversion': 'Medium', 'Agreeableness': 'Medium', 'Neuroticism': 'High'}",General Sadness
245,inflicting,Explore the emotional landscape surrounding a villain character whose motivations include: inflicting,"{'sadness': 0.7806088924407959, 'fear': 0.1388009488582611, 'anger': 0.06748150289058685, 'joy': 0.008533700369298458, 'love': 0.003702386748045683, 'surprise': 0.0008725495426915586}",sadness,0.7806088924407959,"{'Openness': 'Medium', 'Conscientiousness': 'Medium', 'Extraversion': 'Medium', 'Agreeableness': 'Low', 'Neuroticism': 'High'}",General Sadness
246,tycoon ,Explore the emotional landscape surrounding a villain character whose motivations include: tycoon ,"{'sadness': 0.3834958076477051, 'fear': 0.30612704157829285, 'anger': 0.273529052734375, 'joy': 0.028757411986589432, 'love': 0.006564675830304623, 'surprise': 0.0015259726205840707}",sadness,0.3834958076477051,"{'Openness': 'Medium', 'Conscientiousness': 'High', 'Extraversion': 'High', 'Agreeableness': 'Medium', 'Neuroticism': 'High'}",General Sadness
247,seclusion,Explore the emotional landscape surrounding a villain character whose motivations include: seclusion,"{'sadness': 0.7211189866065979, 'fear': 0.22309622168540955, 'anger': 0.03629375249147415, 'joy': 0.01435109507292509, 'love': 0.00421561487019062, 'surprise': 0.0009243226959370077}",sadness,0.7211189866065979,"{'Openness': 'Medium', 'Conscientiousness': 'Medium', 'Extraversion': 'Very Low', 'Agreeableness': 'Medium', 'Neuroticism': 'High'}",Lonely Despair / Isolated Sorrow
248,wizard ,Explore the emotional landscape surrounding a villain character whose motivations include: wizard ,"{'sadness': 0.5051958560943604, 'fear': 0.3790106475353241, 'anger': 0.0818014070391655, 'joy': 0.02660280093550682, 'love': 0.006114539690315723, 'surprise': 0.0012747806031256914}",sadness,0.5051958560943604,"{'Openness': 'High', 'Conscientiousness': 'Medium', 'Extraversion': 'Medium', 'Agreeableness': 'Medium', 'Neuroticism': 'High'}",General Sadness
250,archaeologist ,Explore the emotional landscape surrounding a villain character whose motivations include: archaeologist ,"{'sadness': 0.4762694835662842, 'fear': 0.39644816517829895, 'anger': 0.10645771026611328, 'joy': 0.012495740316808224, 'love': 0.006951821502298117, 'surprise': 0.0013771053636446595}",sadness,0.4762694835662842,"{'Openness': 'High', 'Conscientiousness': 'Medium', 'Extraversion': 'Medium', 'Agreeableness': 'Medium', 'Neuroticism': 'High'}",General Sadness
252,twist,Explore the emotional landscape surrounding a villain character whose motivations include: twist,"{'sadness': 0.5602951049804688, 'fear': 0.32148635387420654, 'anger': 0.08916555345058441, 'joy': 0.020476490259170532, 'love': 0.007299364544451237, 'surprise': 0.0012771255569532514}",sadness,0.5602951049804688,"{'Openness': 'High', 'Conscientiousness': 'Medium', 'Extraversion': 'Medium', 'Agreeableness': 'Medium', 'Neuroticism': 'High'}",General Sadness
253,attempt,Explore the emotional landscape surrounding a villain character whose motivations include: attempt,"{'sadness': 0.5695893168449402, 'fear': 0.3103673756122589, 'anger': 0.09923124313354492, 'joy': 0.014622926712036133, 'love': 0.005047874990850687, 'surprise': 0.0011412715539336205}",sadness,0.5695893168449402,"{'Openness': 'Medium', 'Conscientiousness': 'Medium', 'Extraversion': 'Medium', 'Agreeableness': 'Low', 'Neuroticism': 'High'}",General Sadness
254,politician ,Explore the emotional landscape surrounding a villain character whose motivations include: politician ,"{'sadness': 0.6038432717323303, 'fear': 0.2945096492767334, 'anger': 0.08360382169485092, 'joy': 0.010631670244038105, 'love': 0.006297221407294273, 'surprise': 0.001114408834837377}",sadness,0.6038432717323303,"{'Openness': 'Medium', 'Conscientiousness': 'High', 'Extraversion': 'High', 'Agreeableness': 'Medium', 'Neuroticism': 'High'}",General Sadness
255,meticulously ,Explore the emotional landscape surrounding a villain character whose motivations include: meticulously ,"{'sadness': 0.4551723599433899, 'fear': 0.2145598828792572, 'anger': 0.1747843325138092, 'joy': 0.13827340304851532, 'love': 0.015312101691961288, 'surprise': 0.0018979409942403436}",sadness,0.4551723599433899,"{'Openness': 'Medium', 'Conscientiousness': 'High', 'Extraversion': 'Medium', 'Agreeableness': 'Medium', 'Neuroticism': 'High'}",General Sadness
256,solely ,Explore the emotional landscape surrounding a villain character whose motivations include: solely ,"{'sadness': 0.6219231486320496, 'fear': 0.23527367413043976, 'anger': 0.11907017976045609, 'joy': 0.016702229157090187, 'love': 0.0058981385082006454, 'surprise': 0.0011326373787596822}",sadness,0.6219231486320496,"{'Openness': 'Medium', 'Conscientiousness': 'Medium', 'Extraversion': 'Medium', 'Agreeableness': 'Medium', 'Neuroticism': 'High'}",General Sadness
257,planning ,Explore the emotional landscape surrounding a villain character whose motivations include: planning ,"{'sadness': 0.5562933087348938, 'fear': 0.27215781807899475, 'anger': 0.1352745145559311, 'joy': 0.028436634689569473, 'love': 0.006681426428258419, 'surprise': 0.001156435813754797}",sadness,0.5562933087348938,"{'Openness': 'Medium', 'Conscientiousness': 'High', 'Extraversion': 'Medium', 'Agreeableness': 'Medium', 'Neuroticism': 'High'}",General Sadness
258,execute ,Explore the emotional landscape surrounding a villain character whose motivations include: execute ,"{'sadness': 0.46164843440055847, 'fear': 0.3298787772655487, 'anger': 0.16468945145606995, 'joy': 0.03794366493821144, 'love': 0.004558959510177374, 'surprise': 0.0012806913582608104}",sadness,0.4616484344005584,"{'Openness': 'Medium', 'Conscientiousness': 'High', 'Extraversion': 'Medium', 'Agreeableness': 'Medium', 'Neuroticism': 'High'}",General Sadness
259,abundance ,Explore the emotional landscape surrounding a villain character whose motivations include: abundance ,"{'sadness': 0.5205038785934448, 'fear': 0.23111309111118317, 'joy': 0.12083514034748077, 'anger': 0.10962425172328949, 'love': 0.01637229137122631, 'surprise': 0.001551278168335557}",sadness,0.5205038785934448,"{'Openness': 'Medium', 'Conscientiousness': 'Medium', 'Extraversion': 'Medium', 'Agreeableness': 'Medium', 'Neuroticism': 'High'}",General Sadness
260,pretend,Explore the emotional landscape surrounding a villain character whose motivations include: pretend,"{'sadness': 0.5775712728500366, 'fear': 0.32622745633125305, 'anger': 0.07313377410173416, 'joy': 0.017908301204442978, 'love': 0.004059328231960535, 'surprise': 0.0010999491205438972}",sadness,0.5775712728500366,"{'Openness': 'Medium', 'Conscientiousness': 'High', 'Extraversion': 'Medium', 'Agreeableness': 'Very Low', 'Neuroticism': 'Medium'}",Feigned Sadness / Manipulative Pity Play
261,show,Explore the emotional landscape surrounding a villain character whose motivations include: show,"{'sadness': 0.6332991719245911, 'fear': 0.2379286289215088, 'anger': 0.10048902779817581, 'joy': 0.021283116191625595, 'love': 0.005925224628299475, 'surprise': 0.00107482704333961}",sadness,0.6332991719245911,"{'Openness': 'Medium', 'Conscientiousness': 'Medium', 'Extraversion': 'High', 'Agreeableness': 'Medium', 'Neuroticism': 'High'}",General Sadness
262,change ,Explore the emotional landscape surrounding a villain character whose motivations include: change ,"{'sadness': 0.6770485639572144, 'fear': 0.18842720985412598, 'anger': 0.10440709441900253, 'joy': 0.023573024198412895, 'love': 0.005443763919174671, 'surprise': 0.001100317225791514}",sadness,0.6770485639572144,"{'Openness': 'High', 'Conscientiousness': 'Medium', 'Extraversion': 'Medium', 'Agreeableness': 'Medium', 'Neuroticism': 'High'}",General Sadness
263,remorse ,Explore the emotional landscape surrounding a villain character whose motivations include: remorse ,"{'sadness': 0.9329653978347778, 'fear': 0.04497794806957245, 'anger': 0.015088893473148346, 'joy': 0.004178083501756191, 'love': 0.002317539881914854, 'surprise': 0.0004721666336990893}",sadness,0.9329653978347778,"{'Openness': 'Medium', 'Conscientiousness': 'Medium', 'Extraversion': 'Medium', 'Agreeableness': 'Low', 'Neuroticism': 'High'}",General Sadness
264,cursed,Explore the emotional landscape surrounding a villain character whose motivations include: cursed,"{'sadness': 0.8852328658103943, 'anger': 0.05507126450538635, 'fear': 0.05488162860274315, 'joy': 0.0027475859969854355, 'love': 0.0013674184447154403, 'surprise': 0.0006992766866460443}",sadness,0.8852328658103943,"{'Openness': 'Low', 'Conscientiousness': 'Medium', 'Extraversion': 'Medium', 'Agreeableness': 'Medium', 'Neuroticism': 'High'}",Tragic Resignation / World-Weary Sadness
266,genocide ,Explore the emotional landscape surrounding a villain character whose motivations include: genocide ,"{'sadness': 0.7442018985748291, 'fear': 0.16361673176288605, 'anger': 0.08251041918992996, 'joy': 0.005927247926592827, 'love': 0.0027738758362829685, 'surprise': 0.0009698684443719685}",sadness,0.7442018985748291,"{'Openness': 'Medium', 'Conscientiousness': 'Medium', 'Extraversion': 'Medium', 'Agreeableness': 'Low', 'Neuroticism': 'High'}",General Sadness
267,shape ,Explore the emotional landscape surrounding a villain character whose motivations include: shape ,"{'sadness': 0.6573224663734436, 'fear': 0.23035785555839539, 'anger': 0.08779861778020859, 'joy': 0.01736440695822239, 'love': 0.006100268103182316, 'surprise': 0.0010563351679593325}",sadness,0.6573224663734436,"{'Openness': 'Medium', 'Conscientiousness': 'Medium', 'Extraversion': 'Medium', 'Agreeableness': 'Low', 'Neuroticism': 'High'}",General Sadness
270,complex ,Explore the emotional landscape surrounding a villain character whose motivations include: complex ,"{'sadness': 0.434736967086792, 'fear': 0.42740002274513245, 'anger': 0.105882927775383, 'joy': 0.02552483044564724, 'love': 0.0048521445132792, 'surprise': 0.00160311465151608}",sadness,0.434736967086792,"{'Openness': 'High', 'Conscientiousness': 'Medium', 'Extraversion': 'Medium', 'Agreeableness': 'Medium', 'Neuroticism': 'High'}",General Sadness
271,end ,Explore the emotional landscape surrounding a villain character whose motivations include: end ,"{'sadness': 0.7883952260017395, 'fear': 0.12511911988258362, 'anger': 0.06665795296430588, 'joy': 0.01450852956622839, 'love': 0.0045184483751654625, 'surprise': 0.0008006651187315583}",sadness,0.7883952260017395,"{'Openness': 'Medium', 'Conscientiousness': 'Medium', 'Extraversion': 'Medium', 'Agreeableness': 'Medium', 'Neuroticism': 'High'}",General Sadness
273,pain ,Explore the emotional landscape surrounding a villain character whose motivations include: pain ,"{'sadness': 0.7294334173202515, 'fear': 0.16601026058197021, 'anger': 0.08941543847322464, 'joy': 0.009597652591764927, 'love': 0.0045347861014306545, 'surprise': 0.0010084613459184766}",sadness,0.7294334173202515,"{'Openness': 'Medium', 'Conscientiousness': 'Medium', 'Extraversion': 'Medium', 'Agreeableness': 'Low', 'Neuroticism': 'High'}",General Sadness
274,planner ,Explore the emotional landscape surrounding a villain character whose motivations include: planner ,"{'sadness': 0.6283670663833618, 'fear': 0.23887018859386444, 'anger': 0.08900903910398483, 'joy': 0.035206884145736694, 'love': 0.007454325444996357, 'surprise': 0.0010924381203949451}",sadness,0.6283670663833618,"{'Openness': 'Medium', 'Conscientiousness': 'High', 'Extraversion': 'Medium', 'Agreeableness': 'Medium', 'Neuroticism': 'High'}",General Sadness
275,revenge,Explore the emotional landscape surrounding a villain character whose motivations include: revenge,"{'sadness': 0.6568000316619873, 'anger': 0.2881905138492584, 'fear': 0.03331887349486351, 'joy': 0.01495090126991272, 'love': 0.00605288939550519, 'surprise': 0.0006867379997856915}",sadness,0.6568000316619873,"{'Openness': 'Medium', 'Conscientiousness': 'Medium', 'Extraversion': 'Medium', 'Agreeableness': 'Very Low', 'Neuroticism': 'Very High'}",Vengeful Sadness / Bitter Resentment
276,seek,Explore the emotional landscape surrounding a villain character whose motivations include: seek,"{'sadness': 0.5016165971755981, 'fear': 0.3472852408885956, 'anger': 0.12187060713768005, 'joy': 0.02006000094115734, 'love': 0.007920859381556511, 'surprise': 0.001246653264388442}",sadness,0.5016165971755981,"{'Openness': 'Medium', 'Conscientiousness': 'Medium', 'Extraversion': 'Medium', 'Agreeableness': 'Medium', 'Neuroticism': 'High'}",General Sadness
277,goal,Explore the emotional landscape surrounding a villain character whose motivations include: goal,"{'sadness': 0.5831819176673889, 'fear': 0.24479229748249054, 'anger': 0.13556115329265594, 'joy': 0.02811438776552677, 'love': 0.007177327293902636, 'surprise': 0.001172985415905714}",sadness,0.5831819176673889,"{'Openness': 'Medium', 'Conscientiousness': 'High', 'Extraversion': 'Medium', 'Agreeableness': 'Medium', 'Neuroticism': 'High'}",General Sadness
278,induce,Explore the emotional landscape surrounding a villain character whose motivations include: induce,"{'sadness': 0.7031756639480591, 'fear': 0.2223130613565445, 'anger': 0.0569140650331974, 'joy': 0.012088759802281857, 'love': 0.0045273746363818645, 'surprise': 0.00098106125369668}",sadness,0.7031756639480591,"{'Openness': 'Medium', 'Conscientiousness': 'Medium', 'Extraversion': 'Medium', 'Agreeableness': 'Medium', 'Neuroticism': 'High'}",General Sadness
281,truth ,Explore the emotional landscape surrounding a villain character whose motivations include: truth ,"{'sadness': 0.6245631575584412, 'fear': 0.21098282933235168, 'anger': 0.12179281562566757, 'joy': 0.03403038904070854, 'love': 0.007407228462398052, 'surprise': 0.0012236092006787658}",sadness,0.6245631575584412,"{'Openness': 'Medium', 'Conscientiousness': 'Medium', 'Extraversion': 'Medium', 'Agreeableness': 'Medium', 'Neuroticism': 'High'}",General Sadness
282,trust ,Explore the emotional landscape surrounding a villain character whose motivations include: trust ,"{'sadness': 0.5000894069671631, 'fear': 0.35006189346313477, 'anger': 0.08738218992948532, 'joy': 0.04867701977491379, 'love': 0.012427504174411297, 'surprise': 0.0013619991950690746}",sadness,0.5000894069671631,"{'Openness': 'Medium', 'Conscientiousness': 'Medium', 'Extraversion': 'Medium', 'Agreeableness': 'Medium', 'Neuroticism': 'High'}",General Sadness
283,transform,Explore the emotional landscape surrounding a villain character whose motivations include: transform,"{'sadness': 0.6532235741615295, 'fear': 0.19239969551563263, 'anger': 0.09480313211679459, 'joy': 0.05203713849186897, 'love': 0.006321772467344999, 'surprise': 0.0012147182133048773}",sadness,0.6532235741615295,"{'Openness': 'Medium', 'Conscientiousness': 'Medium', 'Extraversion': 'Medium', 'Agreeableness': 'Medium', 'Neuroticism': 'High'}",General Sadness
284,frail ,Explore the emotional landscape surrounding a villain character whose motivations include: frail ,"{'sadness': 0.7041881084442139, 'fear': 0.2871866226196289, 'anger': 0.0033792194444686174, 'love': 0.002055137185379863, 'joy': 0.002029344206675887, 'surprise': 0.0011615508701652288}",sadness,0.7041881084442139,"{'Openness': 'Medium', 'Conscientiousness': 'Medium', 'Extraversion': 'Medium', 'Agreeableness': 'Medium', 'Neuroticism': 'High'}",General Sadness
285,clown ,Explore the emotional landscape surrounding a villain character whose motivations include: clown ,"{'sadness': 0.57035893201828, 'fear': 0.347065806388855, 'anger': 0.06420350074768066, 'joy': 0.012256721034646034, 'love': 0.0048789819702506065, 'surprise': 0.0012360570253804326}",sadness,0.57035893201828,"{'Openness': 'Medium', 'Conscientiousness': 'Medium', 'Extraversion': 'Medium', 'Agreeableness': 'Medium', 'Neuroticism': 'High'}",General Sadness
286,perfectly,Explore the emotional landscape surrounding a villain character whose motivations include: perfectly,"{'sadness': 0.6792240738868713, 'fear': 0.12965218722820282, 'joy': 0.11846612393856049, 'anger': 0.0582050159573555, 'love': 0.01324461493641138, 'surprise': 0.001207953318953514}",sadness,0.6792240738868713,"{'Openness': 'Low', 'Conscientiousness': 'High', 'Extraversion': 'Medium', 'Agreeableness': 'Medium', 'Neuroticism': 'High'}",General Sadness
290,make,Explore the emotional landscape surrounding a villain character whose motivations include: make,"{'sadness': 0.7015483975410461, 'fear': 0.17493587732315063, 'anger': 0.10277123004198074, 'joy': 0.014639453031122684, 'love': 0.005122412461787462, 'surprise': 0.0009826007299125195}",sadness,0.7015483975410461,"{'Openness': 'Medium', 'Conscientiousness': 'Medium', 'Extraversion': 'Medium', 'Agreeableness': 'Medium', 'Neuroticism': 'High'}",General Sadness
292,outburst,Explore the emotional landscape surrounding a villain character whose motivations include: outburst,"{'sadness': 0.5478169322013855, 'fear': 0.3002793490886688, 'anger': 0.14102019369602203, 'joy': 0.00688970647752285, 'love': 0.00292776501737535, 'surprise': 0.001066050841473043}",sadness,0.5478169322013855,"{'Openness': 'Medium', 'Conscientiousness': 'Low', 'Extraversion': 'Medium', 'Agreeableness': 'Medium', 'Neuroticism': 'High'}",General Sadness
293,comfort ,Explore the emotional landscape surrounding a villain character whose motivations include: comfort ,"{'sadness': 0.7459757328033447, 'fear': 0.09399750828742981, 'love': 0.08279943466186523, 'joy': 0.054108042269945145, 'anger': 0.021770887076854706, 'surprise': 0.0013484428636729717}",sadness,0.7459757328033447,"{'Openness': 'Medium', 'Conscientiousness': 'Medium', 'Extraversion': 'Medium', 'Agreeableness': 'Medium', 'Neuroticism': 'High'}",General Sadness
295,value,Explore the emotional landscape surrounding a villain character whose motivations include: value,"{'sadness': 0.6043592095375061, 'fear': 0.18642309308052063, 'anger': 0.14873477816581726, 'joy': 0.050321221351623535, 'love': 0.008864070288836956, 'surprise': 0.0012976190773770213}",sadness,0.6043592095375061,"{'Openness': 'Medium', 'Conscientiousness': 'Medium', 'Extraversion': 'Medium', 'Agreeableness': 'Medium', 'Neuroticism': 'High'}",General Sadness
298,instability,Explore the emotional landscape surrounding a villain character whose motivations include: instability,"{'sadness': 0.6173772215843201, 'fear': 0.3337830603122711, 'anger': 0.0396338514983654, 'joy': 0.006061891093850136, 'love': 0.002223571063950658, 'surprise': 0.0009203758090734482}",sadness,0.6173772215843201,"{'Openness': 'Medium', 'Conscientiousness': 'Low', 'Extraversion': 'Medium', 'Agreeableness': 'Medium', 'Neuroticism': 'High'}",General Sadness
