topic_id,keywords,processed_text_for_model,all_emotion_scores,dominant_emotion,dominant_score,interpreted_emotion_flavor
0,murder,Explore the emotional landscape surrounding a villain character whose motivations include: murder,"{'fear': 0.5253556966781616, 'sadness': 0.34553948044776917, 'anger': 0.11705346405506134, 'joy': 0.006928051821887493, 'love': 0.0038792365230619907, 'surprise': 0.0012440031860023737}",fear,0.525355697,
1,commits,Explore the emotional landscape surrounding a villain character whose motivations include: commits,"{'sadness': 0.7081036567687988, 'fear': 0.17756560444831848, 'anger': 0.09693760424852371, 'joy': 0.012513511814177036, 'love': 0.0039614466950297356, 'surprise': 0.0009182187495753169}",sadness,0.708103657,General Sadness
2,kind,Explore the emotional landscape surrounding a villain character whose motivations include: kind,"{'sadness': 0.5946598649024963, 'love': 0.14172346889972687, 'joy': 0.09141941368579865, 'anger': 0.08791548758745193, 'fear': 0.08246996253728867, 'surprise': 0.0018118725856766105}",sadness,0.594659865,"Feigned Sadness, Manipulative Pity Play"
3,family,Explore the emotional landscape surrounding a villain character whose motivations include: family,"{'sadness': 0.6236071586608887, 'fear': 0.24266208708286285, 'anger': 0.10538793355226517, 'joy': 0.01842697151005268, 'love': 0.00871303491294384, 'surprise': 0.0012027863413095474}",sadness,0.623607159,General Sadness
4,personal,Explore the emotional landscape surrounding a villain character whose motivations include: personal,"{'sadness': 0.6412200331687927, 'fear': 0.20722682774066925, 'anger': 0.11820966750383377, 'joy': 0.022872444242239, 'love': 0.009328433312475681, 'surprise': 0.0011425695847719908}",sadness,0.641220033,General Sadness
5,enjoys,Explore the emotional landscape surrounding a villain character whose motivations include: enjoys,"{'sadness': 0.6678133010864258, 'fear': 0.16318626701831818, 'anger': 0.1165371760725975, 'joy': 0.03035048581659794, 'love': 0.02083566226065159, 'surprise': 0.0012771020410582423}",sadness,0.667813301,General Sadness
6,crime,Explore the emotional landscape surrounding a villain character whose motivations include: crime,"{'sadness': 0.4766918122768402, 'fear': 0.3782987594604492, 'anger': 0.12095311284065247, 'joy': 0.016461117193102837, 'love': 0.00624625850468874, 'surprise': 0.0013489749981090426}",sadness,0.476691812,General Sadness
7,boss,Explore the emotional landscape surrounding a villain character whose motivations include: boss,"{'sadness': 0.531734049320221, 'fear': 0.3211497366428375, 'anger': 0.12631218135356903, 'joy': 0.014212490990757942, 'love': 0.005454526282846928, 'surprise': 0.0011370470747351646}",sadness,0.531734049,General Sadness
8,loyalty,Explore the emotional landscape surrounding a villain character whose motivations include: loyalty,"{'anger': 0.6049705147743225, 'sadness': 0.16217811405658722, 'fear': 0.09446975588798523, 'love': 0.08805656433105469, 'joy': 0.048636309802532196, 'surprise': 0.001688796211965382}",anger,0.604970515,
9,cruelty,Explore the emotional landscape surrounding a villain character whose motivations include: cruelty,"{'anger': 0.5648811459541321, 'sadness': 0.3522546589374542, 'fear': 0.07123540341854095, 'love': 0.005772797856479883, 'joy': 0.004785080906003714, 'surprise': 0.0010708667105063796}",anger,0.564881146,
10,sharp,Explore the emotional landscape surrounding a villain character whose motivations include: sharp,"{'anger': 0.5683988332748413, 'fear': 0.2520913779735565, 'sadness': 0.12708288431167603, 'joy': 0.039860643446445465, 'love': 0.010914307087659836, 'surprise': 0.0016519546043127775}",anger,0.568398833,
11,torture,Explore the emotional landscape surrounding a villain character whose motivations include: torture,"{'fear': 0.582928478717804, 'sadness': 0.33968454599380493, 'anger': 0.06855503469705582, 'joy': 0.00447797030210495, 'love': 0.0030815463978797197, 'surprise': 0.0012724491534754634}",fear,0.582928479,
12,mistreatment,Explore the emotional landscape surrounding a villain character whose motivations include: mistreatment,"{'sadness': 0.5550940036773682, 'fear': 0.36657169461250305, 'anger': 0.07053115218877792, 'love': 0.0037486713845282793, 'joy': 0.002840354572981596, 'surprise': 0.0012141416082158685}",sadness,0.555094004,General Sadness
13,strong,Explore the emotional landscape surrounding a villain character whose motivations include: strong,"{'joy': 0.8327203989028931, 'sadness': 0.08527690172195435, 'fear': 0.03209308907389641, 'anger': 0.024755116552114487, 'love': 0.02431490458548069, 'surprise': 0.0008395928889513016}",joy,0.832720399,
14,past,Explore the emotional landscape surrounding a villain character whose motivations include: past,"{'sadness': 0.6928784251213074, 'fear': 0.19878652691841125, 'anger': 0.08190266788005829, 'joy': 0.019197659566998482, 'love': 0.006166062317788601, 'surprise': 0.0010686347959563136}",sadness,0.692878425,"Haunting Sorrow, Past Trauma Sadness"
15,collapse,Explore the emotional landscape surrounding a villain character whose motivations include: collapse,"{'sadness': 0.9234172105789185, 'fear': 0.06124561280012131, 'anger': 0.010101178660988808, 'joy': 0.0034504225477576256, 'love': 0.0012924143811687827, 'surprise': 0.0004932028241455555}",sadness,0.923417211,"Haunting Sorrow, Past Trauma Sadness"
16,general,Explore the emotional landscape surrounding a villain character whose motivations include: general,"{'sadness': 0.5020776987075806, 'fear': 0.3448597192764282, 'anger': 0.1271326094865799, 'joy': 0.01804414764046669, 'love': 0.0066715809516608715, 'surprise': 0.001214199815876782}",sadness,0.502077699,General Sadness
17,death,Explore the emotional landscape surrounding a villain character whose motivations include: death,"{'sadness': 0.8228890299797058, 'fear': 0.1272261142730713, 'anger': 0.03953905031085014, 'joy': 0.006599303800612688, 'love': 0.002977534895762801, 'surprise': 0.0007689283811487257}",sadness,0.82288903,General Sadness
18,intelligence,Explore the emotional landscape surrounding a villain character whose motivations include: intelligence,"{'fear': 0.40470364689826965, 'sadness': 0.32930058240890503, 'anger': 0.181441530585289, 'joy': 0.07082057744264603, 'love': 0.011883714236319065, 'surprise': 0.0018498805584385991}",fear,0.404703647,
19,deceitfulness,Explore the emotional landscape surrounding a villain character whose motivations include: deceitfulness,"{'anger': 0.7667267918586731, 'fear': 0.20225489139556885, 'sadness': 0.021418705582618713, 'joy': 0.0073247929103672504, 'love': 0.0015301998937502503, 'surprise': 0.0007446623058058321}",anger,0.766726792,
20,scientist ,Explore the emotional landscape surrounding a villain character whose motivations include: scientist ,"{'fear': 0.44605565071105957, 'sadness': 0.3465566337108612, 'anger': 0.16877804696559906, 'joy': 0.028561733663082123, 'love': 0.008429572917521, 'surprise': 0.0016184470150619745}",fear,0.446055651,
21,sharpshooter,Explore the emotional landscape surrounding a villain character whose motivations include: sharpshooter,"{'fear': 0.6502732634544373, 'anger': 0.25399622321128845, 'sadness': 0.07182452827692032, 'joy': 0.016603650525212288, 'love': 0.005922278854995966, 'surprise': 0.0013800347223877907}",fear,0.650273263,
22,delusion,Explore the emotional landscape surrounding a villain character whose motivations include: delusion,"{'sadness': 0.6023794412612915, 'fear': 0.353893905878067, 'anger': 0.02938009239733219, 'joy': 0.009832428768277168, 'love': 0.003386155469343066, 'surprise': 0.0011279721511527896}",sadness,0.602379441,General Sadness
23,criminal,Explore the emotional landscape surrounding a villain character whose motivations include: criminal,"{'sadness': 0.38120490312576294, 'fear': 0.37303459644317627, 'anger': 0.22265325486660004, 'joy': 0.016098201274871826, 'love': 0.005628617480397224, 'surprise': 0.0013804864138364792}",sadness,0.381204903,General Sadness
24,serial killing ,Explore the emotional landscape surrounding a villain character whose motivations include: serial killing ,"{'fear': 0.5806046724319458, 'sadness': 0.3007338047027588, 'anger': 0.10663051903247833, 'joy': 0.007732323370873928, 'love': 0.0030101011507213116, 'surprise': 0.001288612256757915}",fear,0.580604672,
25,mass,Explore the emotional landscape surrounding a villain character whose motivations include: mass,"{'sadness': 0.5292665362358093, 'fear': 0.3260287642478943, 'anger': 0.12227005511522293, 'joy': 0.01571633107960224, 'love': 0.0055323438718914986, 'surprise': 0.0011858857469633222}",sadness,0.529266536,General Sadness
26,killer,Explore the emotional landscape surrounding a villain character whose motivations include: killer,"{'fear': 0.6110492944717407, 'sadness': 0.2331310510635376, 'anger': 0.13975746929645538, 'joy': 0.0100973816588521, 'love': 0.004709010478109121, 'surprise': 0.0012557781301438808}",fear,0.611049294,
27,cleverness,Explore the emotional landscape surrounding a villain character whose motivations include: cleverness,"{'joy': 0.9939536452293396, 'anger': 0.002135602058842778, 'sadness': 0.0015256238402798772, 'fear': 0.0012560395989567041, 'love': 0.000772175204474479, 'surprise': 0.0003567286767065525}",joy,0.993953645,
28,smoking,Explore the emotional landscape surrounding a villain character whose motivations include: smoking,"{'sadness': 0.5249559283256531, 'fear': 0.27941447496414185, 'anger': 0.17613418400287628, 'joy': 0.011998186819255352, 'love': 0.006281569600105286, 'surprise': 0.0012156922603026032}",sadness,0.524955928,General Sadness
29,violent,Explore the emotional landscape surrounding a villain character whose motivations include: violent,"{'anger': 0.9968611001968384, 'fear': 0.0014441440580412745, 'sadness': 0.0009651285363361239, 'joy': 0.0003107113006990403, 'love': 0.00029507887666113675, 'surprise': 0.00012385210720822215}",anger,0.9968611,
30,wealthy,Explore the emotional landscape surrounding a villain character whose motivations include: wealthy,"{'joy': 0.867244303226471, 'sadness': 0.06263081729412079, 'anger': 0.05088537186384201, 'fear': 0.011306106112897396, 'love': 0.006928813643753529, 'surprise': 0.0010045282542705536}",joy,0.867244303,
31,nazi,Explore the emotional landscape surrounding a villain character whose motivations include: nazi,"{'sadness': 0.4971778988838196, 'anger': 0.2863541543483734, 'fear': 0.2003759741783142, 'joy': 0.007344547659158707, 'love': 0.007343906909227371, 'surprise': 0.0014034314081072807}",sadness,0.497177899,General Sadness
32,german,Explore the emotional landscape surrounding a villain character whose motivations include: german,"{'sadness': 0.49522116780281067, 'fear': 0.3330194652080536, 'anger': 0.14664232730865479, 'joy': 0.016150526702404022, 'love': 0.007682825904339552, 'surprise': 0.0012836781097576022}",sadness,0.495221168,General Sadness
33,abuse,Explore the emotional landscape surrounding a villain character whose motivations include: abuse,"{'sadness': 0.9124669432640076, 'fear': 0.06356838345527649, 'anger': 0.019757770001888275, 'joy': 0.0020331055857241154, 'love': 0.0015961674507707357, 'surprise': 0.0005775581812486053}",sadness,0.912466943,General Sadness
34,two-face,Explore the emotional landscape surrounding a villain character whose motivations include: two-face,"{'sadness': 0.5206009149551392, 'fear': 0.3298933506011963, 'anger': 0.12896235287189484, 'joy': 0.014163781888782978, 'love': 0.005183052737265825, 'surprise': 0.0011964996811002493}",sadness,0.520600915,"Feigned Sadness, Manipulative Pity Play"
35,desire,Explore the emotional landscape surrounding a villain character whose motivations include: desire,"{'sadness': 0.5567933917045593, 'fear': 0.26074984669685364, 'anger': 0.15278001129627228, 'joy': 0.015681929886341095, 'love': 0.012637668289244175, 'surprise': 0.001357200089842081}",sadness,0.556793392,General Sadness
36,depression,Explore the emotional landscape surrounding a villain character whose motivations include: depression,"{'sadness': 0.9436998963356018, 'fear': 0.037092287093400955, 'anger': 0.014591177925467491, 'joy': 0.0025946139357984066, 'love': 0.001560509903356433, 'surprise': 0.0004614342760760337}",sadness,0.943699896,General Sadness
37,racism,Explore the emotional landscape surrounding a villain character whose motivations include: racism,"{'sadness': 0.6819782257080078, 'anger': 0.25096768140792847, 'fear': 0.05687098205089569, 'joy': 0.005673693958669901, 'love': 0.0035733834374696016, 'surprise': 0.0009359729592688382}",sadness,0.681978226,General Sadness
38,cunning,Explore the emotional landscape surrounding a villain character whose motivations include: cunning,"{'anger': 0.7598026394844055, 'joy': 0.16266083717346191, 'fear': 0.062415193766355515, 'love': 0.007598214782774448, 'sadness': 0.005501892883330584, 'surprise': 0.0020212179515510798}",anger,0.759802639,
39,ruthlessness,Explore the emotional landscape surrounding a villain character whose motivations include: ruthlessness,"{'anger': 0.9403788447380066, 'fear': 0.029538841918110847, 'joy': 0.014529653824865818, 'sadness': 0.011636821553111076, 'love': 0.0033940919674932957, 'surprise': 0.0005216755671426654}",anger,0.940378845,
40,leadership ,Explore the emotional landscape surrounding a villain character whose motivations include: leadership ,"{'sadness': 0.45091554522514343, 'fear': 0.20526935160160065, 'joy': 0.1668626219034195, 'anger': 0.16315744817256927, 'love': 0.012224119156599045, 'surprise': 0.001571004162542522}",sadness,0.450915545,General Sadness
41,strategic,Explore the emotional landscape surrounding a villain character whose motivations include: strategic,"{'joy': 0.29346731305122375, 'sadness': 0.2545351982116699, 'anger': 0.25441235303878784, 'fear': 0.18227657675743103, 'love': 0.013799269683659077, 'surprise': 0.0015092592220753431}",joy,0.293467313,
42,magic ,Explore the emotional landscape surrounding a villain character whose motivations include: magic ,"{'fear': 0.5589318871498108, 'sadness': 0.2809563875198364, 'anger': 0.09644307941198349, 'joy': 0.053652212023735046, 'love': 0.00825720839202404, 'surprise': 0.0017592282965779305}",fear,0.558931887,
43,pale,Explore the emotional landscape surrounding a villain character whose motivations include: pale,"{'fear': 0.478524386882782, 'sadness': 0.45333167910575867, 'anger': 0.05509151518344879, 'joy': 0.007596386596560478, 'love': 0.004346901550889015, 'surprise': 0.0011090128682553768}",fear,0.478524387,
44,like,Explore the emotional landscape surrounding a villain character whose motivations include: like,"{'sadness': 0.6784090399742126, 'fear': 0.2102005034685135, 'anger': 0.08836720138788223, 'joy': 0.015202596783638, 'love': 0.006685198750346899, 'surprise': 0.0011354502057656646}",sadness,0.67840904,General Sadness
45,evil ,Explore the emotional landscape surrounding a villain character whose motivations include: evil ,"{'sadness': 0.7579984068870544, 'anger': 0.22418376803398132, 'fear': 0.009459342807531357, 'joy': 0.005594323854893446, 'love': 0.0022364151664078236, 'surprise': 0.0005276788724586368}",sadness,0.757998407,General Sadness
46,dark,Explore the emotional landscape surrounding a villain character whose motivations include: dark,"{'sadness': 0.632810652256012, 'fear': 0.2957891821861267, 'anger': 0.06069205701351166, 'joy': 0.006564369425177574, 'love': 0.003120886394754052, 'surprise': 0.0010228123283013701}",sadness,0.632810652,General Sadness
47,staff,Explore the emotional landscape surrounding a villain character whose motivations include: staff,"{'sadness': 0.538770854473114, 'fear': 0.31259921193122864, 'anger': 0.12504169344902039, 'joy': 0.01683288812637329, 'love': 0.005556813906878233, 'surprise': 0.001198519952595234}",sadness,0.538770854,General Sadness
48,control,Explore the emotional landscape surrounding a villain character whose motivations include: control,"{'sadness': 0.5333987474441528, 'fear': 0.3101900815963745, 'anger': 0.11906076222658157, 'joy': 0.029930269345641136, 'love': 0.006198613438755274, 'surprise': 0.0012214748421683908}",sadness,0.533398747,General Sadness
49,disorder,Explore the emotional landscape surrounding a villain character whose motivations include: disorder,"{'sadness': 0.5937857031822205, 'fear': 0.3168066740036011, 'anger': 0.07817165553569794, 'joy': 0.007362870499491692, 'love': 0.0026970303151756525, 'surprise': 0.0011760672787204385}",sadness,0.593785703,General Sadness
50,power,Explore the emotional landscape surrounding a villain character whose motivations include: power,"{'sadness': 0.5041113495826721, 'fear': 0.2977236807346344, 'anger': 0.1615372747182846, 'joy': 0.027822192758321762, 'love': 0.0074411965906620026, 'surprise': 0.0013643528800457716}",sadness,0.50411135,General Sadness
51,narcissism,Explore the emotional landscape surrounding a villain character whose motivations include: narcissism,"{'fear': 0.6685647964477539, 'sadness': 0.26881346106529236, 'anger': 0.04541764780879021, 'joy': 0.010697265155613422, 'love': 0.005246147979050875, 'surprise': 0.0012607162352651358}",fear,0.668564796,
52,blooded,Explore the emotional landscape surrounding a villain character whose motivations include: blooded,"{'anger': 0.5317709445953369, 'fear': 0.2419879138469696, 'sadness': 0.1729436218738556, 'love': 0.026431960985064507, 'joy': 0.02533053047955036, 'surprise': 0.0015349948080256581}",anger,0.531770945,
53,cold,Explore the emotional landscape surrounding a villain character whose motivations include: cold,"{'anger': 0.9934222102165222, 'fear': 0.0026973357889801264, 'love': 0.0016372848767787218, 'sadness': 0.0016057793982326984, 'joy': 0.00040265280404128134, 'surprise': 0.000234732186072506}",anger,0.99342221,
54,violence,Explore the emotional landscape surrounding a villain character whose motivations include: violence,"{'sadness': 0.39268386363983154, 'anger': 0.3143666982650757, 'fear': 0.28047633171081543, 'joy': 0.0077962446957826614, 'love': 0.003527233609929681, 'surprise': 0.0011495801154524088}",sadness,0.392683864,General Sadness
55,luxury,Explore the emotional landscape surrounding a villain character whose motivations include: luxury,"{'sadness': 0.6622791290283203, 'fear': 0.2016908824443817, 'anger': 0.08695917576551437, 'joy': 0.0373065359890461, 'love': 0.010509191080927849, 'surprise': 0.0012550677638500929}",sadness,0.662279129,General Sadness
56,kill,Explore the emotional landscape surrounding a villain character whose motivations include: kill,"{'sadness': 0.49681589007377625, 'fear': 0.27532127499580383, 'anger': 0.21045038104057312, 'joy': 0.012016422115266323, 'love': 0.0043050809763371944, 'surprise': 0.0010910265846177936}",sadness,0.49681589,General Sadness
57,tyrant,Explore the emotional landscape surrounding a villain character whose motivations include: tyrant,"{'anger': 0.5337830781936646, 'sadness': 0.261940062046051, 'fear': 0.19097110629081726, 'joy': 0.008147777989506721, 'love': 0.004143096040934324, 'surprise': 0.0010147716384381056}",anger,0.533783078,
58,lack,Explore the emotional landscape surrounding a villain character whose motivations include: lack,"{'sadness': 0.877250611782074, 'fear': 0.09498665481805801, 'anger': 0.02200508303940296, 'joy': 0.003264805069193244, 'love': 0.001864807098172605, 'surprise': 0.0006280445959419012}",sadness,0.877250612,General Sadness
59,love,Explore the emotional landscape surrounding a villain character whose motivations include: love,"{'sadness': 0.7226056456565857, 'fear': 0.12442731112241745, 'anger': 0.1012653335928917, 'love': 0.03266677260398865, 'joy': 0.017699621617794037, 'surprise': 0.0013353971298784018}",sadness,0.722605646,General Sadness
60,sadistic ,Explore the emotional landscape surrounding a villain character whose motivations include: sadistic ,"{'anger': 0.9063193202018738, 'sadness': 0.07744818180799484, 'fear': 0.012332008220255375, 'love': 0.001758175203576684, 'joy': 0.0016184515552595258, 'surprise': 0.0005238437443040311}",anger,0.90631932,
61,sexual,Explore the emotional landscape surrounding a villain character whose motivations include: sexual,"{'anger': 0.4150271713733673, 'fear': 0.402937650680542, 'sadness': 0.1216464564204216, 'love': 0.048215076327323914, 'joy': 0.009975362569093704, 'surprise': 0.0021983229089528322}",anger,0.415027171,
62,misogyny,Explore the emotional landscape surrounding a villain character whose motivations include: misogyny,"{'sadness': 0.9451351165771484, 'anger': 0.050361745059490204, 'fear': 0.002922599669545889, 'joy': 0.0007070971769280732, 'love': 0.0005328828701749444, 'surprise': 0.0003405134775675833}",sadness,0.945135117,General Sadness
63,belief,Explore the emotional landscape surrounding a villain character whose motivations include: belief,"{'sadness': 0.4460943043231964, 'fear': 0.38132286071777344, 'anger': 0.12799696624279022, 'joy': 0.036592114716768265, 'love': 0.006601657718420029, 'surprise': 0.001392111531458795}",sadness,0.446094304,General Sadness
64,victim,Explore the emotional landscape surrounding a villain character whose motivations include: victim,"{'sadness': 0.6197136044502258, 'fear': 0.3110857903957367, 'anger': 0.058048065751791, 'joy': 0.0072150942869484425, 'love': 0.002827086253091693, 'surprise': 0.0011104136938229203}",sadness,0.619713604,"Feigned Sadness, Manipulative Pity Play"
65,commander,Explore the emotional landscape surrounding a villain character whose motivations include: commander,"{'sadness': 0.5365967154502869, 'fear': 0.34156447649002075, 'anger': 0.09688375890254974, 'joy': 0.017360258847475052, 'love': 0.0064654224552214146, 'surprise': 0.0011293143033981323}",sadness,0.536596715,General Sadness
66,perversion,Explore the emotional landscape surrounding a villain character whose motivations include: perversion,"{'sadness': 0.6552175283432007, 'anger': 0.19450397789478302, 'fear': 0.133649080991745, 'joy': 0.010646453127264977, 'love': 0.004942060448229313, 'surprise': 0.0010409244569018483}",sadness,0.655217528,General Sadness
67,strength,Explore the emotional landscape surrounding a villain character whose motivations include: strength,"{'sadness': 0.5586191415786743, 'fear': 0.27125808596611023, 'anger': 0.11365561932325363, 'joy': 0.04313694313168526, 'love': 0.011952674016356468, 'surprise': 0.0013775421539321542}",sadness,0.558619142,General Sadness
68,superhuman,Explore the emotional landscape surrounding a villain character whose motivations include: superhuman,"{'fear': 0.8097423911094666, 'anger': 0.07039742916822433, 'sadness': 0.0630759671330452, 'joy': 0.05200815573334694, 'surprise': 0.002483340911567211, 'love': 0.002292752731591463}",fear,0.809742391,
69,anger,Explore the emotional landscape surrounding a villain character whose motivations include: anger,"{'sadness': 0.4780312478542328, 'anger': 0.3603413701057434, 'fear': 0.14775337278842926, 'joy': 0.009110987186431885, 'love': 0.003746860893443227, 'surprise': 0.0010161481332033873}",sadness,0.478031248,"Vengeful Sadness, Bitter Resentment"
70,exceptional,Explore the emotional landscape surrounding a villain character whose motivations include: exceptional,"{'joy': 0.9934269189834595, 'surprise': 0.0026498909574002028, 'love': 0.0013847806258127093, 'sadness': 0.001229005865752697, 'fear': 0.000886694120708853, 'anger': 0.0004227855824865401}",joy,0.993426919,
71,morality,Explore the emotional landscape surrounding a villain character whose motivations include: morality,"{'sadness': 0.4972626566886902, 'anger': 0.2696040868759155, 'fear': 0.1766747236251831, 'joy': 0.04510786384344101, 'love': 0.010154776275157928, 'surprise': 0.0011959710391238332}",sadness,0.497262657,General Sadness
72,cheerful,Explore the emotional landscape surrounding a villain character whose motivations include: cheerful,"{'joy': 0.9962111711502075, 'love': 0.001433567376807332, 'sadness': 0.0014244834892451763, 'anger': 0.000531262659933418, 'fear': 0.0002775671018753201, 'surprise': 0.00012201607751194388}",joy,0.996211171,
73,joke,Explore the emotional landscape surrounding a villain character whose motivations include: joke,"{'sadness': 0.513378381729126, 'anger': 0.26249125599861145, 'fear': 0.20240171253681183, 'joy': 0.01590564474463463, 'love': 0.004620345775038004, 'surprise': 0.001202735467813909}",sadness,0.513378382,General Sadness
74,obsession,Explore the emotional landscape surrounding a villain character whose motivations include: obsession,"{'sadness': 0.3934071958065033, 'fear': 0.3903777599334717, 'anger': 0.20086830854415894, 'love': 0.0076907421462237835, 'joy': 0.0061383373104035854, 'surprise': 0.0015177108580246568}",sadness,0.393407196,General Sadness
75,individual,Explore the emotional landscape surrounding a villain character whose motivations include: individual,"{'sadness': 0.5962721109390259, 'fear': 0.2729876637458801, 'anger': 0.10221263766288757, 'joy': 0.021459423005580902, 'love': 0.005906729027628899, 'surprise': 0.0011614842806011438}",sadness,0.596272111,General Sadness
76,selfish,Explore the emotional landscape surrounding a villain character whose motivations include: selfish,"{'anger': 0.9809166789054871, 'sadness': 0.014901373535394669, 'fear': 0.0015546849463135004, 'joy': 0.0013072389410808682, 'love': 0.0011149814818054438, 'surprise': 0.00020505172142293304}",anger,0.980916679,
77,drug,Explore the emotional landscape surrounding a villain character whose motivations include: drug,"{'sadness': 0.6866017580032349, 'fear': 0.21642901003360748, 'anger': 0.08060472458600998, 'joy': 0.009784596040844917, 'love': 0.005500844679772854, 'surprise': 0.0010790759697556496}",sadness,0.686601758,General Sadness
78,skilled,Explore the emotional landscape surrounding a villain character whose motivations include: skilled,"{'joy': 0.986578643321991, 'anger': 0.00542587973177433, 'sadness': 0.0034649046137928963, 'fear': 0.0028876904398202896, 'love': 0.0010524401441216469, 'surprise': 0.0005903472192585468}",joy,0.986578643,
79,police,Explore the emotional landscape surrounding a villain character whose motivations include: police,"{'fear': 0.5452659130096436, 'sadness': 0.29328620433807373, 'anger': 0.14146658778190613, 'joy': 0.013873178511857986, 'love': 0.004860592540353537, 'surprise': 0.0012475446565076709}",fear,0.545265913,
80,corrupt ,Explore the emotional landscape surrounding a villain character whose motivations include: corrupt ,"{'anger': 0.9738484621047974, 'sadness': 0.021144097670912743, 'fear': 0.0031737852841615677, 'joy': 0.0010077846236526966, 'love': 0.0005703771021217108, 'surprise': 0.0002554527309257537}",anger,0.973848462,
81,rape,Explore the emotional landscape surrounding a villain character whose motivations include: rape,"{'fear': 0.4778180420398712, 'sadness': 0.401978462934494, 'anger': 0.10615876317024231, 'joy': 0.006810659542679787, 'love': 0.0058774747885763645, 'surprise': 0.0013565360568463802}",fear,0.477818042,
82,hatred,Explore the emotional landscape surrounding a villain character whose motivations include: hatred,"{'anger': 0.6901248097419739, 'sadness': 0.27211689949035645, 'fear': 0.028191907331347466, 'love': 0.004505020100623369, 'joy': 0.004422773141413927, 'surprise': 0.000638570636510849}",anger,0.69012481,
83,genius,Explore the emotional landscape surrounding a villain character whose motivations include: genius,"{'joy': 0.5531606078147888, 'sadness': 0.253394216299057, 'fear': 0.09474088251590729, 'anger': 0.08521274477243423, 'love': 0.01126264501363039, 'surprise': 0.0022288430482149124}",joy,0.553160608,
84,compulsive,Explore the emotional landscape surrounding a villain character whose motivations include: compulsive,"{'fear': 0.6967088580131531, 'sadness': 0.2091323286294937, 'anger': 0.054704394191503525, 'joy': 0.03422294184565544, 'love': 0.00354312383569777, 'surprise': 0.001688315998762846}",fear,0.696708858,
85,enjoy,Explore the emotional landscape surrounding a villain character whose motivations include: enjoy,"{'sadness': 0.7357825040817261, 'fear': 0.11334086954593658, 'anger': 0.09184804558753967, 'joy': 0.04188841953873634, 'love': 0.01601819321513176, 'surprise': 0.0011219728039577603}",sadness,0.735782504,General Sadness
86,torment ,Explore the emotional landscape surrounding a villain character whose motivations include: torment ,"{'sadness': 0.7816569805145264, 'fear': 0.1080319881439209, 'anger': 0.10254143923521042, 'joy': 0.003806843888014555, 'love': 0.00316027645021677, 'surprise': 0.000802499707788229}",sadness,0.781656981,General Sadness
87,laughter,Explore the emotional landscape surrounding a villain character whose motivations include: laughter,"{'sadness': 0.5393251180648804, 'fear': 0.2626296877861023, 'anger': 0.1635097861289978, 'joy': 0.024700520560145378, 'love': 0.008268740028142929, 'surprise': 0.0015661843353882432}",sadness,0.539325118,General Sadness
88,fight,Explore the emotional landscape surrounding a villain character whose motivations include: fight,"{'sadness': 0.4919426441192627, 'anger': 0.24567903578281403, 'fear': 0.23782972991466522, 'joy': 0.017517194151878357, 'love': 0.005940019153058529, 'surprise': 0.0010914134327322245}",sadness,0.491942644,General Sadness
89,hunter,Explore the emotional landscape surrounding a villain character whose motivations include: hunter,"{'sadness': 0.4559067189693451, 'fear': 0.432386577129364, 'anger': 0.08933684229850769, 'joy': 0.014083794318139553, 'love': 0.007035751361399889, 'surprise': 0.0012503273319453}",sadness,0.455906719,General Sadness
90,betrayal ,Explore the emotional landscape surrounding a villain character whose motivations include: betrayal ,"{'sadness': 0.583640456199646, 'anger': 0.24222351610660553, 'fear': 0.1605156660079956, 'love': 0.006585455033928156, 'joy': 0.0059719146229326725, 'surprise': 0.0010629631578922272}",sadness,0.583640456,"Vengeful Sadness, Bitter Resentment"
91,emphasize,Explore the emotional landscape surrounding a villain character whose motivations include: emphasize,"{'sadness': 0.6979250907897949, 'fear': 0.1701412945985794, 'anger': 0.10245814919471741, 'joy': 0.02246924676001072, 'love': 0.006030762102454901, 'surprise': 0.0009754188940860331}",sadness,0.697925091,General Sadness
92,fluent,Explore the emotional landscape surrounding a villain character whose motivations include: fluent,"{'sadness': 0.3548920750617981, 'joy': 0.32217636704444885, 'fear': 0.19955192506313324, 'anger': 0.11374484747648239, 'love': 0.007726237177848816, 'surprise': 0.0019085496896877885}",sadness,0.354892075,General Sadness
93,malevolence,Explore the emotional landscape surrounding a villain character whose motivations include: malevolence,"{'anger': 0.6768897771835327, 'fear': 0.23521004617214203, 'sadness': 0.06752597540616989, 'joy': 0.010018373839557171, 'love': 0.009261819534003735, 'surprise': 0.0010940033243969083}",anger,0.676889777,
94,touch,Explore the emotional landscape surrounding a villain character whose motivations include: touch,"{'sadness': 0.543719470500946, 'fear': 0.30538278818130493, 'anger': 0.09858398139476776, 'joy': 0.026923013851046562, 'love': 0.023806124925613403, 'surprise': 0.0015846573514863849}",sadness,0.543719471,General Sadness
95,mean,Explore the emotional landscape surrounding a villain character whose motivations include: mean,"{'sadness': 0.618022620677948, 'anger': 0.2686195969581604, 'fear': 0.09912048280239105, 'joy': 0.009267537854611874, 'love': 0.004083061125129461, 'surprise': 0.000886652385815978}",sadness,0.618022621,General Sadness
96,paranoia,Explore the emotional landscape surrounding a villain character whose motivations include: paranoia,"{'fear': 0.7606012225151062, 'sadness': 0.16920538246631622, 'anger': 0.06120438873767853, 'joy': 0.00549965538084507, 'love': 0.002469778060913086, 'surprise': 0.0010195542126893997}",fear,0.760601223,
97,objective,Explore the emotional landscape surrounding a villain character whose motivations include: objective,"{'joy': 0.4228685200214386, 'sadness': 0.34067049622535706, 'anger': 0.12090654671192169, 'fear': 0.1058233305811882, 'love': 0.008029972203075886, 'surprise': 0.0017011503223329782}",joy,0.42286852,
98,military,Explore the emotional landscape surrounding a villain character whose motivations include: military,"{'sadness': 0.5922936797142029, 'fear': 0.3035683333873749, 'anger': 0.08304741978645325, 'joy': 0.01338331587612629, 'love': 0.006582373753190041, 'surprise': 0.0011248219525441527}",sadness,0.59229368,General Sadness
99,destroy,Explore the emotional landscape surrounding a villain character whose motivations include: destroy,"{'sadness': 0.7616773843765259, 'anger': 0.12607231736183167, 'fear': 0.09833408892154694, 'joy': 0.00989365205168724, 'love': 0.0032638043630868196, 'surprise': 0.0007588391308672726}",sadness,0.761677384,General Sadness
100,possessive,Explore the emotional landscape surrounding a villain character whose motivations include: possessive,"{'anger': 0.9559662938117981, 'fear': 0.020610781386494637, 'love': 0.016262657940387726, 'sadness': 0.005065126344561577, 'joy': 0.0012626542011275887, 'surprise': 0.0008324573864229023}",anger,0.955966294,
101,weaponry,Explore the emotional landscape surrounding a villain character whose motivations include: weaponry,"{'fear': 0.5227731466293335, 'sadness': 0.32800203561782837, 'anger': 0.12395669519901276, 'joy': 0.017326243221759796, 'love': 0.00658500287681818, 'surprise': 0.0013568622525781393}",fear,0.522773147,
102,disguise,Explore the emotional landscape surrounding a villain character whose motivations include: disguise,"{'fear': 0.47862058877944946, 'sadness': 0.38501858711242676, 'anger': 0.10726278275251389, 'joy': 0.02226543240249157, 'love': 0.005548750050365925, 'surprise': 0.0012838891707360744}",fear,0.478620589,
103,loneliness,Explore the emotional landscape surrounding a villain character whose motivations include: loneliness,"{'sadness': 0.9506128430366516, 'fear': 0.034372683614492416, 'anger': 0.009960483759641647, 'love': 0.002592854667454958, 'joy': 0.0019934289157390594, 'surprise': 0.00046784081496298313}",sadness,0.950612843,"Lonely Despair, Isolated Sorrow"
104,beauty,Explore the emotional landscape surrounding a villain character whose motivations include: beauty,"{'sadness': 0.6663906574249268, 'fear': 0.16926318407058716, 'anger': 0.11531764268875122, 'joy': 0.03437504917383194, 'love': 0.01333976536989212, 'surprise': 0.0013136595953255892}",sadness,0.666390657,General Sadness
105,exceptional,Explore the emotional landscape surrounding a villain character whose motivations include: exceptional,"{'joy': 0.9934269189834595, 'surprise': 0.0026498909574002028, 'love': 0.0013847806258127093, 'sadness': 0.001229005865752697, 'fear': 0.000886694120708853, 'anger': 0.0004227855824865401}",joy,0.993426919,
106,specific,Explore the emotional landscape surrounding a villain character whose motivations include: specific,"{'sadness': 0.4877051115036011, 'fear': 0.3135664761066437, 'anger': 0.14638753235340118, 'joy': 0.042908165603876114, 'love': 0.007972595281898975, 'surprise': 0.0014599317219108343}",sadness,0.487705112,General Sadness
107,affection,Explore the emotional landscape surrounding a villain character whose motivations include: affection,"{'love': 0.8098132610321045, 'sadness': 0.09711265563964844, 'anger': 0.04288679361343384, 'fear': 0.03886988386511803, 'joy': 0.009221301414072514, 'surprise': 0.002096083015203476}",love,0.809813261,
108,pessimism,Explore the emotional landscape surrounding a villain character whose motivations include: pessimism,"{'sadness': 0.37474334239959717, 'anger': 0.31603047251701355, 'fear': 0.26276031136512756, 'joy': 0.03778339549899101, 'love': 0.007221131585538387, 'surprise': 0.0014613589737564325}",sadness,0.374743342,General Sadness
109,bullet,Explore the emotional landscape surrounding a villain character whose motivations include: bullet,"{'sadness': 0.4991377592086792, 'fear': 0.3840978443622589, 'anger': 0.09839068353176117, 'joy': 0.01123824343085289, 'love': 0.005942932795733213, 'surprise': 0.00119251967407763}",sadness,0.499137759,General Sadness
110,delusional ,Explore the emotional landscape surrounding a villain character whose motivations include: delusional ,"{'fear': 0.5102764964103699, 'sadness': 0.4564855396747589, 'anger': 0.024604737758636475, 'joy': 0.00528541998937726, 'love': 0.001990982098504901, 'surprise': 0.0013567970599979162}",fear,0.510276496,
111,survive,Explore the emotional landscape surrounding a villain character whose motivations include: survive,"{'sadness': 0.7982128262519836, 'fear': 0.08803404867649078, 'joy': 0.07220344990491867, 'anger': 0.03309379145503044, 'love': 0.00750559801235795, 'surprise': 0.0009502095635980368}",sadness,0.798212826,General Sadness
112,teardrop,Explore the emotional landscape surrounding a villain character whose motivations include: teardrop,"{'sadness': 0.8350645899772644, 'fear': 0.11702080070972443, 'anger': 0.034527529031038284, 'joy': 0.006772504188120365, 'love': 0.005773402750492096, 'surprise': 0.0008411425515078008}",sadness,0.83506459,General Sadness
113,shapeshifting,Explore the emotional landscape surrounding a villain character whose motivations include: shapeshifting,"{'fear': 0.5980300903320312, 'sadness': 0.2752895951271057, 'anger': 0.09598968923091888, 'joy': 0.02223650924861431, 'love': 0.006938834674656391, 'surprise': 0.001515263575129211}",fear,0.59803009,
114,casual,Explore the emotional landscape surrounding a villain character whose motivations include: casual,"{'joy': 0.9781575798988342, 'sadness': 0.006868588738143444, 'anger': 0.006040788255631924, 'fear': 0.005339930299669504, 'love': 0.0032242261804640293, 'surprise': 0.00036877061938866973}",joy,0.97815758,
115,nurse,Explore the emotional landscape surrounding a villain character whose motivations include: nurse,"{'sadness': 0.5111475586891174, 'fear': 0.37713396549224854, 'anger': 0.0898013487458229, 'joy': 0.014180518686771393, 'love': 0.006471376866102219, 'surprise': 0.0012651560828089714}",sadness,0.511147559,General Sadness
116,delaer ,Explore the emotional landscape surrounding a villain character whose motivations include: delaer ,"{'fear': 0.4664565920829773, 'sadness': 0.4159546196460724, 'anger': 0.09466049820184708, 'joy': 0.015082720667123795, 'love': 0.006619342602789402, 'surprise': 0.001226215623319149}",fear,0.466456592,
117,absolute,Explore the emotional landscape surrounding a villain character whose motivations include: absolute,"{'sadness': 0.5786597728729248, 'fear': 0.21884052455425262, 'anger': 0.14573484659194946, 'joy': 0.04466269910335541, 'love': 0.010857654735445976, 'surprise': 0.0012444972526282072}",sadness,0.578659773,General Sadness
118,unresolved,Explore the emotional landscape surrounding a villain character whose motivations include: unresolved,"{'sadness': 0.8268325924873352, 'fear': 0.15262143313884735, 'anger': 0.014357867650687695, 'joy': 0.004244552459567785, 'love': 0.0013310210779309273, 'surprise': 0.0006124802166596055}",sadness,0.826832592,General Sadness
119,issue ,Explore the emotional landscape surrounding a villain character whose motivations include: issue ,"{'sadness': 0.6465550065040588, 'fear': 0.2651955485343933, 'anger': 0.07112044841051102, 'joy': 0.011645005084574223, 'love': 0.004521035123616457, 'surprise': 0.0009630658896639943}",sadness,0.646555007,General Sadness
120,impulsive ,Explore the emotional landscape surrounding a villain character whose motivations include: impulsive ,"{'fear': 0.39447924494743347, 'joy': 0.2874925434589386, 'anger': 0.18834085762500763, 'love': 0.09931973367929459, 'sadness': 0.026205917820334435, 'surprise': 0.004161675926297903}",fear,0.394479245,
121,madness,Explore the emotional landscape surrounding a villain character whose motivations include: madness,"{'sadness': 0.635692298412323, 'fear': 0.268433541059494, 'anger': 0.08406329154968262, 'joy': 0.007980297319591045, 'love': 0.002615216886624694, 'surprise': 0.0012153338175266981}",sadness,0.635692298,General Sadness
122,shark,Explore the emotional landscape surrounding a villain character whose motivations include: shark,"{'sadness': 0.5018987059593201, 'fear': 0.3770469129085541, 'anger': 0.10111220926046371, 'joy': 0.012221199460327625, 'love': 0.006468914914876223, 'surprise': 0.0012520917225629091}",sadness,0.501898706,General Sadness
123,hope,Explore the emotional landscape surrounding a villain character whose motivations include: hope,"{'sadness': 0.649169385433197, 'fear': 0.22126014530658722, 'anger': 0.07901890575885773, 'joy': 0.03895546868443489, 'love': 0.010458404198288918, 'surprise': 0.0011376551119610667}",sadness,0.649169385,General Sadness
124,bureaucrat,Explore the emotional landscape surrounding a villain character whose motivations include: bureaucrat,"{'fear': 0.4802567958831787, 'sadness': 0.35688355565071106, 'anger': 0.14198705554008484, 'joy': 0.013955963775515556, 'love': 0.005609375424683094, 'surprise': 0.0013073203153908253}",fear,0.480256796,
125,underlie ,Explore the emotional landscape surrounding a villain character whose motivations include: underlie ,"{'sadness': 0.5340126156806946, 'fear': 0.31595146656036377, 'anger': 0.12603060901165009, 'joy': 0.016758177429437637, 'love': 0.006026390474289656, 'surprise': 0.0012207726249471307}",sadness,0.534012616,General Sadness
126,incompetence ,Explore the emotional landscape surrounding a villain character whose motivations include: incompetence ,"{'fear': 0.5152288675308228, 'sadness': 0.25791656970977783, 'anger': 0.21747519075870514, 'joy': 0.006586660631000996, 'surprise': 0.001397441141307354, 'love': 0.0013952585868537426}",fear,0.515228868,
127,fail,Explore the emotional landscape surrounding a villain character whose motivations include: fail,"{'sadness': 0.8776327967643738, 'fear': 0.07174726575613022, 'anger': 0.04171287640929222, 'joy': 0.006611011456698179, 'love': 0.00170074962079525, 'surprise': 0.0005952873034402728}",sadness,0.877632797,General Sadness
128,armor,Explore the emotional landscape surrounding a villain character whose motivations include: armor,"{'sadness': 0.6372365355491638, 'fear': 0.2614849805831909, 'anger': 0.07772860676050186, 'joy': 0.015608510933816433, 'love': 0.006859387271106243, 'surprise': 0.001081967493519187}",sadness,0.637236536,General Sadness
129,cruelty,Explore the emotional landscape surrounding a villain character whose motivations include: cruelty,"{'anger': 0.5648811459541321, 'sadness': 0.3522546589374542, 'fear': 0.07123540341854095, 'love': 0.005772797856479883, 'joy': 0.004785080906003714, 'surprise': 0.0010708667105063796}",anger,0.564881146,
130,immunity ,Explore the emotional landscape surrounding a villain character whose motivations include: immunity ,"{'fear': 0.4318649172782898, 'sadness': 0.4169078469276428, 'anger': 0.08366277813911438, 'joy': 0.056575652211904526, 'love': 0.009450537152588367, 'surprise': 0.001538305776193738}",fear,0.431864917,
131,extravagance,Explore the emotional landscape surrounding a villain character whose motivations include: extravagance,"{'sadness': 0.4351535439491272, 'fear': 0.42213431000709534, 'anger': 0.08139564841985703, 'joy': 0.04931982234120369, 'love': 0.010268951766192913, 'surprise': 0.0017277126898989081}",sadness,0.435153544,"Feigned Sadness, Manipulative Pity Play"
132,heroic,Explore the emotional landscape surrounding a villain character whose motivations include: heroic,"{'joy': 0.9825954437255859, 'love': 0.009999429807066917, 'sadness': 0.003574813948944211, 'anger': 0.0021958008874207735, 'fear': 0.0013025947846472263, 'surprise': 0.00033178681042045355}",joy,0.982595444,
133,trauma ,Explore the emotional landscape surrounding a villain character whose motivations include: trauma ,"{'sadness': 0.8670350909233093, 'fear': 0.1071014553308487, 'anger': 0.0184380691498518, 'joy': 0.00446104584261775, 'love': 0.0022298581898212433, 'surprise': 0.0007344287005253136}",sadness,0.867035091,"Haunting Sorrow, Past Trauma Sadness"
134,stress ,Explore the emotional landscape surrounding a villain character whose motivations include: stress ,"{'sadness': 0.7776962518692017, 'fear': 0.137512668967247, 'anger': 0.07121337950229645, 'joy': 0.009559610858559608, 'love': 0.00321875954978168, 'surprise': 0.0007993473554961383}",sadness,0.777696252,"Haunting Sorrow, Past Trauma Sadness"
135,earn ,Explore the emotional landscape surrounding a villain character whose motivations include: earn ,"{'sadness': 0.7255159020423889, 'anger': 0.15387912094593048, 'fear': 0.08243732154369354, 'joy': 0.032277610152959824, 'love': 0.0049277241341769695, 'surprise': 0.0009623717633076012}",sadness,0.725515902,General Sadness
136,malfunction,Explore the emotional landscape surrounding a villain character whose motivations include: malfunction,"{'sadness': 0.8019188642501831, 'fear': 0.176356703042984, 'anger': 0.016160275787115097, 'joy': 0.00377913611009717, 'love': 0.0009830689523369074, 'surprise': 0.00080198107752949}",sadness,0.801918864,General Sadness
137,hallucination ,Explore the emotional landscape surrounding a villain character whose motivations include: hallucination ,"{'fear': 0.9877961874008179, 'sadness': 0.0071090091951191425, 'anger': 0.0018252996960654855, 'joy': 0.00151682214345783, 'surprise': 0.001431262237019837, 'love': 0.0003213999734725803}",fear,0.987796187,
138,figure ,Explore the emotional landscape surrounding a villain character whose motivations include: figure ,"{'sadness': 0.5001958608627319, 'fear': 0.38496243953704834, 'anger': 0.08489805459976196, 'joy': 0.0223875530064106, 'love': 0.006360434927046299, 'surprise': 0.0011956067755818367}",sadness,0.500195861,General Sadness
139,stalker ,Explore the emotional landscape surrounding a villain character whose motivations include: stalker ,"{'fear': 0.6605411171913147, 'sadness': 0.22874516248703003, 'anger': 0.09652092307806015, 'joy': 0.007673954125493765, 'love': 0.005382887087762356, 'surprise': 0.0011359212221577764}",fear,0.660541117,
140,machine,Explore the emotional landscape surrounding a villain character whose motivations include: machine,"{'sadness': 0.5662591457366943, 'fear': 0.3091614842414856, 'anger': 0.10458088666200638, 'joy': 0.013372334651648998, 'love': 0.005465642549097538, 'surprise': 0.001160584855824709}",sadness,0.566259146,General Sadness
141,internal ,Explore the emotional landscape surrounding a villain character whose motivations include: internal ,"{'sadness': 0.6568074226379395, 'fear': 0.25066614151000977, 'anger': 0.07420370727777481, 'joy': 0.011923830024898052, 'love': 0.005356980487704277, 'surprise': 0.001041892683133483}",sadness,0.656807423,General Sadness
142,noble,Explore the emotional landscape surrounding a villain character whose motivations include: noble,"{'joy': 0.8108799457550049, 'anger': 0.0777268186211586, 'sadness': 0.0535823218524456, 'love': 0.04284672439098358, 'fear': 0.014088797383010387, 'surprise': 0.0008754136506468058}",joy,0.810879946,
143,expressionless,Explore the emotional landscape surrounding a villain character whose motivations include: expressionless,"{'sadness': 0.6108342409133911, 'fear': 0.18965503573417664, 'anger': 0.18265853822231293, 'joy': 0.013650757260620594, 'love': 0.0019932673312723637, 'surprise': 0.0012081501772627234}",sadness,0.610834241,General Sadness
144,obtain ,Explore the emotional landscape surrounding a villain character whose motivations include: obtain ,"{'sadness': 0.5124163627624512, 'fear': 0.3032226264476776, 'anger': 0.13844023644924164, 'joy': 0.038010429590940475, 'love': 0.006548999808728695, 'surprise': 0.001361316186375916}",sadness,0.512416363,General Sadness
145,calmness ,Explore the emotional landscape surrounding a villain character whose motivations include: calmness ,"{'joy': 0.8907222747802734, 'fear': 0.044251520186662674, 'sadness': 0.04214100539684296, 'anger': 0.018089884892106056, 'love': 0.003959426190704107, 'surprise': 0.0008358580525964499}",joy,0.890722275,
146,switch,Explore the emotional landscape surrounding a villain character whose motivations include: switch,"{'sadness': 0.45147404074668884, 'fear': 0.4158800542354584, 'anger': 0.10812895745038986, 'joy': 0.01750287227332592, 'love': 0.005803870037198067, 'surprise': 0.001210230402648449}",sadness,0.451474041,"Feigned Sadness, Manipulative Pity Play"
147,work,Explore the emotional landscape surrounding a villain character whose motivations include: work,"{'sadness': 0.6481274962425232, 'fear': 0.20290589332580566, 'anger': 0.11981438100337982, 'joy': 0.02174883894622326, 'love': 0.006330091971904039, 'surprise': 0.0010732361115515232}",sadness,0.648127496,General Sadness
148,influential,Explore the emotional landscape surrounding a villain character whose motivations include: influential,"{'joy': 0.9325087070465088, 'sadness': 0.02571488730609417, 'anger': 0.02481353096663952, 'fear': 0.011893744580447674, 'love': 0.004236051347106695, 'surprise': 0.0008332132128998637}",joy,0.932508707,
149,fire ,Explore the emotional landscape surrounding a villain character whose motivations include: fire ,"{'sadness': 0.4643291234970093, 'fear': 0.3658815622329712, 'anger': 0.1479259580373764, 'joy': 0.013215973041951656, 'love': 0.0073930355720222, 'surprise': 0.0012544497149065137}",sadness,0.464329123,General Sadness
150,famous ,Explore the emotional landscape surrounding a villain character whose motivations include: famous ,"{'joy': 0.5991594791412354, 'sadness': 0.29264912009239197, 'anger': 0.061327897012233734, 'fear': 0.03402175009250641, 'love': 0.010707377456128597, 'surprise': 0.0021343068219721317}",joy,0.599159479,
151,resent ,Explore the emotional landscape surrounding a villain character whose motivations include: resent ,"{'anger': 0.9927316308021545, 'sadness': 0.004718891344964504, 'fear': 0.0014289459213614464, 'joy': 0.0005500562256202102, 'love': 0.0004487413680180907, 'surprise': 0.0001216267846757546}",anger,0.992731631,
152,contemplate ,Explore the emotional landscape surrounding a villain character whose motivations include: contemplate ,"{'fear': 0.38996604084968567, 'sadness': 0.3541688919067383, 'joy': 0.13516239821910858, 'anger': 0.1068287268280983, 'love': 0.012278634123504162, 'surprise': 0.0015952454414218664}",fear,0.389966041,
153,abuse ,Explore the emotional landscape surrounding a villain character whose motivations include: abuse ,"{'sadness': 0.9124669432640076, 'fear': 0.06356838345527649, 'anger': 0.019757770001888275, 'joy': 0.0020331055857241154, 'love': 0.0015961674507707357, 'surprise': 0.0005775581812486053}",sadness,0.912466943,General Sadness
154,flattery ,Explore the emotional landscape surrounding a villain character whose motivations include: flattery ,"{'anger': 0.40745094418525696, 'sadness': 0.328424334526062, 'fear': 0.1148204654455185, 'joy': 0.11250988394021988, 'love': 0.03504413738846779, 'surprise': 0.0017502839909866452}",anger,0.407450944,
155,tragic,Explore the emotional landscape surrounding a villain character whose motivations include: tragic,"{'sadness': 0.9987261891365051, 'anger': 0.0003773836069740355, 'joy': 0.0002781797666102648, 'fear': 0.00026138301473110914, 'love': 0.0002503289724700153, 'surprise': 0.00010644167196005583}",sadness,0.998726189,"Tragic Resignation, World-Weary Sadness"
156,fond,Explore the emotional landscape surrounding a villain character whose motivations include: fond,"{'love': 0.983199954032898, 'anger': 0.007207956630736589, 'sadness': 0.00436349306255579, 'fear': 0.002178772119805217, 'joy': 0.0020049915183335543, 'surprise': 0.0010447803651914}",love,0.983199954,
157,solve ,Explore the emotional landscape surrounding a villain character whose motivations include: solve ,"{'sadness': 0.6396247148513794, 'fear': 0.22438399493694305, 'anger': 0.10076511651277542, 'joy': 0.027594663202762604, 'love': 0.006480080075562, 'surprise': 0.0011513831559568644}",sadness,0.639624715,General Sadness
158,specter,Explore the emotional landscape surrounding a villain character whose motivations include: specter,"{'fear': 0.5044815540313721, 'sadness': 0.3753470778465271, 'anger': 0.06998002529144287, 'joy': 0.0368187353014946, 'love': 0.011573627591133118, 'surprise': 0.0017990046180784702}",fear,0.504481554,
159,psychopath,Explore the emotional landscape surrounding a villain character whose motivations include: psychopath,"{'sadness': 0.5647421479225159, 'fear': 0.2946292757987976, 'anger': 0.1287902146577835, 'joy': 0.007371556479483843, 'love': 0.002956034615635872, 'surprise': 0.00151073036249727}",sadness,0.564742148,General Sadness
160,worker,Explore the emotional landscape surrounding a villain character whose motivations include: worker,"{'sadness': 0.5376634001731873, 'fear': 0.3423861265182495, 'anger': 0.10062225908041, 'joy': 0.012890126556158066, 'love': 0.005238422658294439, 'surprise': 0.0011996811954304576}",sadness,0.5376634,General Sadness
161,massacre,Explore the emotional landscape surrounding a villain character whose motivations include: massacre,"{'sadness': 0.5130940079689026, 'fear': 0.36309269070625305, 'anger': 0.11515650153160095, 'joy': 0.005050084553658962, 'love': 0.0024220647756010294, 'surprise': 0.0011846519773826003}",sadness,0.513094008,General Sadness
162,bleeding,Explore the emotional landscape surrounding a villain character whose motivations include: bleeding,"{'sadness': 0.8151516914367676, 'fear': 0.14674369990825653, 'anger': 0.0325273722410202, 'joy': 0.0027968180365860462, 'love': 0.002026870148256421, 'surprise': 0.0007535609765909612}",sadness,0.815151691,General Sadness
163,strongly,Explore the emotional landscape surrounding a villain character whose motivations include: strongly,"{'sadness': 0.6170353889465332, 'fear': 0.24931326508522034, 'anger': 0.10370728373527527, 'joy': 0.018559079617261887, 'love': 0.010275643318891525, 'surprise': 0.00110929599031806}",sadness,0.617035389,General Sadness
164,regenerative,Explore the emotional landscape surrounding a villain character whose motivations include: regenerative,"{'joy': 0.439626544713974, 'sadness': 0.4372032880783081, 'fear': 0.0744476318359375, 'anger': 0.038651660084724426, 'love': 0.008791867643594742, 'surprise': 0.0012789968168362975}",joy,0.439626545,
165,frail,Explore the emotional landscape surrounding a villain character whose motivations include: frail,"{'sadness': 0.7041881084442139, 'fear': 0.2871866226196289, 'anger': 0.0033792194444686174, 'love': 0.002055137185379863, 'joy': 0.002029344206675887, 'surprise': 0.0011615508701652288}",sadness,0.704188108,General Sadness
166,good,Explore the emotional landscape surrounding a villain character whose motivations include: good,"{'sadness': 0.4766349196434021, 'joy': 0.42678263783454895, 'anger': 0.05504554882645607, 'fear': 0.02507605403661728, 'love': 0.01547357626259327, 'surprise': 0.000987142906524241}",sadness,0.47663492,"Feigned Sadness, Manipulative Pity Play"
167,authority ,Explore the emotional landscape surrounding a villain character whose motivations include: authority ,"{'sadness': 0.46544820070266724, 'fear': 0.3151302635669708, 'anger': 0.15702097117900848, 'joy': 0.05322655662894249, 'love': 0.0077406978234648705, 'surprise': 0.0014334358274936676}",sadness,0.465448201,General Sadness
168,immortality,Explore the emotional landscape surrounding a villain character whose motivations include: immortality,"{'sadness': 0.5776431560516357, 'fear': 0.16993902623653412, 'joy': 0.1307699829339981, 'anger': 0.10399248450994492, 'love': 0.01597881130874157, 'surprise': 0.0016765318578109145}",sadness,0.577643156,General Sadness
169,inclined,Explore the emotional landscape surrounding a villain character whose motivations include: inclined,"{'fear': 0.3738606870174408, 'sadness': 0.25010189414024353, 'anger': 0.19418372213840485, 'joy': 0.1437135487794876, 'love': 0.03590583801269531, 'surprise': 0.002234277781099081}",fear,0.373860687,
170,disagreement ,Explore the emotional landscape surrounding a villain character whose motivations include: disagreement ,"{'anger': 0.9372239708900452, 'fear': 0.038625165820121765, 'sadness': 0.021205905824899673, 'joy': 0.0016596822533756495, 'love': 0.0009498813305981457, 'surprise': 0.0003354375367052853}",anger,0.937223971,
171,cover ,Explore the emotional landscape surrounding a villain character whose motivations include: cover ,"{'sadness': 0.6645945906639099, 'fear': 0.221257284283638, 'anger': 0.08913552016019821, 'joy': 0.017320256680250168, 'love': 0.006685313768684864, 'surprise': 0.0010070169810205698}",sadness,0.664594591,General Sadness
172,flattery,Explore the emotional landscape surrounding a villain character whose motivations include: flattery,"{'anger': 0.40745094418525696, 'sadness': 0.328424334526062, 'fear': 0.1148204654455185, 'joy': 0.11250988394021988, 'love': 0.03504413738846779, 'surprise': 0.0017502839909866452}",anger,0.407450944,
173,guilty,Explore the emotional landscape surrounding a villain character whose motivations include: guilty,"{'sadness': 0.9401018619537354, 'fear': 0.03120226226747036, 'anger': 0.02357318066060543, 'joy': 0.003245116211473942, 'love': 0.0014651231467723846, 'surprise': 0.00041260701254941523}",sadness,0.940101862,General Sadness
174,fulfill ,Explore the emotional landscape surrounding a villain character whose motivations include: fulfill ,"{'sadness': 0.7008747458457947, 'fear': 0.1382608562707901, 'anger': 0.08781926333904266, 'joy': 0.06258054077625275, 'love': 0.00937845278531313, 'surprise': 0.0010860718321055174}",sadness,0.700874746,General Sadness
175,strong,Explore the emotional landscape surrounding a villain character whose motivations include: strong,"{'joy': 0.8327203989028931, 'sadness': 0.08527690172195435, 'fear': 0.03209308907389641, 'anger': 0.024755116552114487, 'love': 0.02431490458548069, 'surprise': 0.0008395928889513016}",joy,0.832720399,
176,dislike,Explore the emotional landscape surrounding a villain character whose motivations include: dislike,"{'sadness': 0.7658585906028748, 'anger': 0.17528414726257324, 'fear': 0.046289145946502686, 'love': 0.00817263312637806, 'joy': 0.0035511457826942205, 'surprise': 0.0008443325641565025}",sadness,0.765858591,General Sadness
177,revive,Explore the emotional landscape surrounding a villain character whose motivations include: revive,"{'sadness': 0.7940440773963928, 'fear': 0.09792323410511017, 'joy': 0.0809996947646141, 'anger': 0.019418977200984955, 'love': 0.006670477334409952, 'surprise': 0.0009435546817258}",sadness,0.794044077,General Sadness
178,amuse,Explore the emotional landscape surrounding a villain character whose motivations include: amuse,"{'sadness': 0.6978692412376404, 'anger': 0.1371004283428192, 'fear': 0.09148621559143066, 'joy': 0.06017763540148735, 'love': 0.012393087148666382, 'surprise': 0.0009734019986353815}",sadness,0.697869241,General Sadness
179,sacrifice ,Explore the emotional landscape surrounding a villain character whose motivations include: sacrifice ,"{'sadness': 0.865325927734375, 'anger': 0.06920021027326584, 'fear': 0.03397121652960777, 'joy': 0.02069971151649952, 'love': 0.010176373645663261, 'surprise': 0.000626648950856179}",sadness,0.865325928,"Tragic Resignation, World-Weary Sadness"
180,anticipate ,Explore the emotional landscape surrounding a villain character whose motivations include: anticipate ,"{'sadness': 0.6764357686042786, 'fear': 0.2176388055086136, 'anger': 0.06254809349775314, 'joy': 0.03532835468649864, 'love': 0.007023288868367672, 'surprise': 0.001025639707222581}",sadness,0.676435769,General Sadness
181,potential,Explore the emotional landscape surrounding a villain character whose motivations include: potential,"{'sadness': 0.5237866044044495, 'fear': 0.3022383749485016, 'anger': 0.11379768699407578, 'joy': 0.050094373524188995, 'love': 0.008764859288930893, 'surprise': 0.001318112714216113}",sadness,0.523786604,General Sadness
182,count,Explore the emotional landscape surrounding a villain character whose motivations include: count,"{'sadness': 0.5096561908721924, 'fear': 0.36815527081489563, 'anger': 0.09841664135456085, 'joy': 0.017145251855254173, 'love': 0.005401729606091976, 'surprise': 0.0012248825514689088}",sadness,0.509656191,General Sadness
183,lean ,Explore the emotional landscape surrounding a villain character whose motivations include: lean ,"{'sadness': 0.6028259992599487, 'fear': 0.18436621129512787, 'anger': 0.16285450756549835, 'joy': 0.0331236757338047, 'love': 0.015672311186790466, 'surprise': 0.0011572266230359674}",sadness,0.602825999,General Sadness
184,vizier ,Explore the emotional landscape surrounding a villain character whose motivations include: vizier ,"{'fear': 0.6250488758087158, 'sadness': 0.2219521701335907, 'anger': 0.12713465094566345, 'joy': 0.01864231564104557, 'love': 0.005824926774948835, 'surprise': 0.001397024723701179}",fear,0.625048876,
185,grand ,Explore the emotional landscape surrounding a villain character whose motivations include: grand ,"{'sadness': 0.4353415369987488, 'joy': 0.347268670797348, 'fear': 0.11330857127904892, 'anger': 0.09106390923261642, 'love': 0.011133415624499321, 'surprise': 0.0018839495023712516}",sadness,0.435341537,General Sadness
186,manipulation,Explore the emotional landscape surrounding a villain character whose motivations include: manipulation,"{'fear': 0.5448327660560608, 'sadness': 0.24225455522537231, 'anger': 0.1994529664516449, 'joy': 0.00788841675966978, 'love': 0.004169612191617489, 'surprise': 0.0014016932109370828}",fear,0.544832766,
187,terrorist ,Explore the emotional landscape surrounding a villain character whose motivations include: terrorist ,"{'fear': 0.6270912289619446, 'sadness': 0.19496409595012665, 'anger': 0.1631719321012497, 'joy': 0.010225190781056881, 'love': 0.003433107165619731, 'surprise': 0.0011144359596073627}",fear,0.627091229,
188,humanity ,Explore the emotional landscape surrounding a villain character whose motivations include: humanity ,"{'sadness': 0.5674821138381958, 'fear': 0.24483145773410797, 'anger': 0.15132546424865723, 'joy': 0.026254868134856224, 'love': 0.008770674467086792, 'surprise': 0.0013354397378861904}",sadness,0.567482114,"Feigned Sadness, Manipulative Pity Play"
189,die,Explore the emotional landscape surrounding a villain character whose motivations include: die,"{'sadness': 0.8655896186828613, 'fear': 0.06976921111345291, 'anger': 0.05567369610071182, 'joy': 0.0058959550224244595, 'love': 0.0024739671498537064, 'surprise': 0.0005975330714136362}",sadness,0.865589619,General Sadness
190,nature,Explore the emotional landscape surrounding a villain character whose motivations include: nature,"{'sadness': 0.598308801651001, 'fear': 0.2298484891653061, 'anger': 0.14375711977481842, 'joy': 0.01912696100771427, 'love': 0.007826648652553558, 'surprise': 0.0011320135090500116}",sadness,0.598308802,"Feigned Sadness, Manipulative Pity Play"
191,quick ,Explore the emotional landscape surrounding a villain character whose motivations include: quick ,"{'joy': 0.5701566338539124, 'sadness': 0.17356275022029877, 'fear': 0.13302220404148102, 'anger': 0.11417137086391449, 'love': 0.007520951330661774, 'surprise': 0.0015661022625863552}",joy,0.570156634,
192,affectionate ,Explore the emotional landscape surrounding a villain character whose motivations include: affectionate ,"{'love': 0.9940361976623535, 'fear': 0.0013688901672139764, 'sadness': 0.0011833473108708858, 'joy': 0.0011804003734141588, 'anger': 0.0011157628614455462, 'surprise': 0.0011152479564771056}",love,0.994036198,
193,wickedness ,Explore the emotional landscape surrounding a villain character whose motivations include: wickedness ,"{'joy': 0.5667901635169983, 'anger': 0.28840917348861694, 'love': 0.06227666139602661, 'sadness': 0.040662508457899094, 'fear': 0.039827343076467514, 'surprise': 0.0020340795163065195}",joy,0.566790164,
194,gain,Explore the emotional landscape surrounding a villain character whose motivations include: gain,"{'sadness': 0.6741020679473877, 'fear': 0.1697862148284912, 'anger': 0.12740877270698547, 'joy': 0.022302838042378426, 'love': 0.0053442600183188915, 'surprise': 0.0010558405192568898}",sadness,0.674102068,General Sadness
195,expertise,Explore the emotional landscape surrounding a villain character whose motivations include: expertise,"{'fear': 0.3890177011489868, 'sadness': 0.3453090190887451, 'anger': 0.13084670901298523, 'joy': 0.1180681362748146, 'love': 0.014752883464097977, 'surprise': 0.0020055759232491255}",fear,0.389017701,
196,discrimination ,Explore the emotional landscape surrounding a villain character whose motivations include: discrimination ,"{'sadness': 0.711922824382782, 'fear': 0.1578379124403, 'anger': 0.11884919553995132, 'joy': 0.006684793159365654, 'love': 0.0036364407278597355, 'surprise': 0.00106884038541466}",sadness,0.711922824,General Sadness
197,unlike ,Explore the emotional landscape surrounding a villain character whose motivations include: unlike ,"{'sadness': 0.6842846274375916, 'fear': 0.19727389514446259, 'anger': 0.09967666864395142, 'joy': 0.012522333301603794, 'love': 0.0051766023971140385, 'surprise': 0.0010658579412847757}",sadness,0.684284627,General Sadness
198,prison ,Explore the emotional landscape surrounding a villain character whose motivations include: prison ,"{'sadness': 0.6273347735404968, 'fear': 0.26282742619514465, 'anger': 0.09196561574935913, 'joy': 0.011636934243142605, 'love': 0.005147351883351803, 'surprise': 0.0010878616012632847}",sadness,0.627334774,General Sadness
199,order,Explore the emotional landscape surrounding a villain character whose motivations include: order,"{'sadness': 0.5689346194267273, 'fear': 0.3269873857498169, 'anger': 0.08189722895622253, 'joy': 0.01599125936627388, 'love': 0.00507391570135951, 'surprise': 0.0011155846295878291}",sadness,0.568934619,General Sadness
200,joy,Explore the emotional landscape surrounding a villain character whose motivations include: joy,"{'sadness': 0.7274172306060791, 'joy': 0.1434023231267929, 'fear': 0.07059814035892487, 'anger': 0.034597426652908325, 'love': 0.02273067831993103, 'surprise': 0.0012542186304926872}",sadness,0.727417231,General Sadness
201,swordsmanship,Explore the emotional landscape surrounding a villain character whose motivations include: swordsmanship,"{'fear': 0.5080004334449768, 'anger': 0.26005470752716064, 'sadness': 0.18777996301651, 'joy': 0.02830098569393158, 'love': 0.01415376178920269, 'surprise': 0.0017101680859923363}",fear,0.508000433,
202,knowledge ,Explore the emotional landscape surrounding a villain character whose motivations include: knowledge ,"{'sadness': 0.4939890503883362, 'fear': 0.32782936096191406, 'anger': 0.13328507542610168, 'joy': 0.03613824397325516, 'love': 0.007311076391488314, 'surprise': 0.001447071204893291}",sadness,0.49398905,General Sadness
203,consume,Explore the emotional landscape surrounding a villain character whose motivations include: consume,"{'sadness': 0.6388012766838074, 'fear': 0.18620173633098602, 'anger': 0.15297959744930267, 'joy': 0.016247518360614777, 'love': 0.0047387294471263885, 'surprise': 0.0010311558144167066}",sadness,0.638801277,General Sadness
204,survive,Explore the emotional landscape surrounding a villain character whose motivations include: survive,"{'sadness': 0.7982128262519836, 'fear': 0.08803404867649078, 'joy': 0.07220344990491867, 'anger': 0.03309379145503044, 'love': 0.00750559801235795, 'surprise': 0.0009502095635980368}",sadness,0.798212826,General Sadness
205,narcissism ,Explore the emotional landscape surrounding a villain character whose motivations include: narcissism ,"{'fear': 0.6685647964477539, 'sadness': 0.26881346106529236, 'anger': 0.04541764780879021, 'joy': 0.010697265155613422, 'love': 0.005246147979050875, 'surprise': 0.0012607162352651358}",fear,0.668564796,
206,explosive ,Explore the emotional landscape surrounding a villain character whose motivations include: explosive ,"{'fear': 0.6156728863716125, 'anger': 0.19679558277130127, 'sadness': 0.12056431174278259, 'joy': 0.06116548180580139, 'love': 0.004106772597879171, 'surprise': 0.0016949890414252877}",fear,0.615672886,
207,combat ,Explore the emotional landscape surrounding a villain character whose motivations include: combat ,"{'fear': 0.357957124710083, 'anger': 0.30101704597473145, 'sadness': 0.29941973090171814, 'joy': 0.0328759104013443, 'love': 0.007395811844617128, 'surprise': 0.0013344039907678962}",fear,0.357957125,
208,pleasure,Explore the emotional landscape surrounding a villain character whose motivations include: pleasure,"{'sadness': 0.6985118389129639, 'fear': 0.14195628464221954, 'anger': 0.11333873867988586, 'joy': 0.032261576503515244, 'love': 0.012610781006515026, 'surprise': 0.0013207007432356477}",sadness,0.698511839,General Sadness
209,compulsive,Explore the emotional landscape surrounding a villain character whose motivations include: compulsive,"{'fear': 0.6967088580131531, 'sadness': 0.2091323286294937, 'anger': 0.054704394191503525, 'joy': 0.03422294184565544, 'love': 0.00354312383569777, 'surprise': 0.001688315998762846}",fear,0.696708858,
210,perceive,Explore the emotional landscape surrounding a villain character whose motivations include: perceive,"{'sadness': 0.687553346157074, 'fear': 0.24712562561035156, 'anger': 0.04572376608848572, 'joy': 0.014487446285784245, 'love': 0.004041535779833794, 'surprise': 0.0010683761211112142}",sadness,0.687553346,General Sadness
211,destruction ,Explore the emotional landscape surrounding a villain character whose motivations include: destruction ,"{'sadness': 0.8738074898719788, 'fear': 0.07049913704395294, 'anger': 0.04575416445732117, 'joy': 0.006974424701184034, 'love': 0.0023650480434298515, 'surprise': 0.0005996808176860213}",sadness,0.87380749,General Sadness
212,actor ,Explore the emotional landscape surrounding a villain character whose motivations include: actor ,"{'sadness': 0.5405108332633972, 'fear': 0.38063061237335205, 'anger': 0.05511645972728729, 'joy': 0.016513321548700333, 'love': 0.006041267886757851, 'surprise': 0.0011875282507389784}",sadness,0.540510833,General Sadness
213,perversion ,Explore the emotional landscape surrounding a villain character whose motivations include: perversion ,"{'sadness': 0.6552175283432007, 'anger': 0.19450397789478302, 'fear': 0.133649080991745, 'joy': 0.010646453127264977, 'love': 0.004942060448229313, 'surprise': 0.0010409244569018483}",sadness,0.655217528,General Sadness
214,adept ,Explore the emotional landscape surrounding a villain character whose motivations include: adept ,"{'joy': 0.8455808758735657, 'fear': 0.07513605803251266, 'sadness': 0.04498986527323723, 'anger': 0.028162799775600433, 'love': 0.004674182739108801, 'surprise': 0.0014562765136361122}",joy,0.845580876,
215,fear,Explore the emotional landscape surrounding a villain character whose motivations include: fear,"{'fear': 0.7818629145622253, 'sadness': 0.16845951974391937, 'anger': 0.040214911103248596, 'joy': 0.006106026470661163, 'love': 0.0023883513640612364, 'surprise': 0.0009683376993052661}",fear,0.781862915,
216,provide,Explore the emotional landscape surrounding a villain character whose motivations include: provide,"{'sadness': 0.6915128231048584, 'fear': 0.17357395589351654, 'anger': 0.09459812194108963, 'joy': 0.0301112849265337, 'love': 0.00911980215460062, 'surprise': 0.0010840195463970304}",sadness,0.691512823,General Sadness
217,uniform ,Explore the emotional landscape surrounding a villain character whose motivations include: uniform ,"{'sadness': 0.6965905427932739, 'fear': 0.1697811335325241, 'anger': 0.09290628135204315, 'joy': 0.03422112762928009, 'love': 0.005543993320316076, 'surprise': 0.0009568866225890815}",sadness,0.696590543,General Sadness
218,revive,Explore the emotional landscape surrounding a villain character whose motivations include: revive,"{'sadness': 0.7940440773963928, 'fear': 0.09792323410511017, 'joy': 0.0809996947646141, 'anger': 0.019418977200984955, 'love': 0.006670477334409952, 'surprise': 0.0009435546817258}",sadness,0.794044077,General Sadness
219,scar ,Explore the emotional landscape surrounding a villain character whose motivations include: scar ,"{'sadness': 0.596238374710083, 'fear': 0.2761387228965759, 'anger': 0.11114814877510071, 'joy': 0.00998187530785799, 'love': 0.005323384888470173, 'surprise': 0.0011695335851982236}",sadness,0.596238375,General Sadness
220,enrage,Explore the emotional landscape surrounding a villain character whose motivations include: enrage,"{'sadness': 0.3953436017036438, 'anger': 0.3694651424884796, 'fear': 0.22048267722129822, 'joy': 0.009407225996255875, 'love': 0.004180226940661669, 'surprise': 0.0011210874654352665}",sadness,0.395343602,General Sadness
221,victim,Explore the emotional landscape surrounding a villain character whose motivations include: victim,"{'sadness': 0.6197136044502258, 'fear': 0.3110857903957367, 'anger': 0.058048065751791, 'joy': 0.0072150942869484425, 'love': 0.002827086253091693, 'surprise': 0.0011104136938229203}",sadness,0.619713604,"Feigned Sadness, Manipulative Pity Play"
222,indulge,Explore the emotional landscape surrounding a villain character whose motivations include: indulge,"{'joy': 0.8570521473884583, 'anger': 0.053588829934597015, 'love': 0.042042091488838196, 'sadness': 0.02583801932632923, 'fear': 0.020031888037919998, 'surprise': 0.0014470191672444344}",joy,0.857052147,
223,dangerous ,Explore the emotional landscape surrounding a villain character whose motivations include: dangerous ,"{'anger': 0.9918118715286255, 'fear': 0.005630177445709705, 'sadness': 0.001358015346340835, 'joy': 0.0006334384670481086, 'love': 0.0004126220883335918, 'surprise': 0.00015396827075164765}",anger,0.991811872,
224,shaking ,Explore the emotional landscape surrounding a villain character whose motivations include: shaking ,"{'fear': 0.975279688835144, 'sadness': 0.014630652032792568, 'anger': 0.00759947719052434, 'joy': 0.0010210414184257388, 'love': 0.0008209865773096681, 'surprise': 0.000648109707981348}",fear,0.975279689,
225,slaves,Explore the emotional landscape surrounding a villain character whose motivations include: slaves,"{'sadness': 0.5842837691307068, 'fear': 0.30803197622299194, 'anger': 0.09170176088809967, 'joy': 0.00936936680227518, 'love': 0.005334062036126852, 'surprise': 0.0012790275504812598}",sadness,0.584283769,General Sadness
226,manner,Explore the emotional landscape surrounding a villain character whose motivations include: manner,"{'sadness': 0.4492655396461487, 'fear': 0.3809594213962555, 'anger': 0.1401127278804779, 'joy': 0.02126491069793701, 'love': 0.007149112410843372, 'surprise': 0.001248289830982685}",sadness,0.44926554,"Feigned Sadness, Manipulative Pity Play"
227,physique,Explore the emotional landscape surrounding a villain character whose motivations include: physique,"{'fear': 0.5606248378753662, 'sadness': 0.2891445457935333, 'anger': 0.09702467173337936, 'joy': 0.039656028151512146, 'love': 0.011904756538569927, 'surprise': 0.0016451259143650532}",fear,0.560624838,
228,empathy ,Explore the emotional landscape surrounding a villain character whose motivations include: empathy ,"{'sadness': 0.6772288084030151, 'fear': 0.23464040458202362, 'anger': 0.05406797304749489, 'joy': 0.021931268274784088, 'love': 0.010741811245679855, 'surprise': 0.0013898059260100126}",sadness,0.677228808,General Sadness
229,torture ,Explore the emotional landscape surrounding a villain character whose motivations include: torture ,"{'fear': 0.582928478717804, 'sadness': 0.33968454599380493, 'anger': 0.06855503469705582, 'joy': 0.00447797030210495, 'love': 0.0030815463978797197, 'surprise': 0.0012724491534754634}",fear,0.582928479,
230,ritual,Explore the emotional landscape surrounding a villain character whose motivations include: ritual,"{'fear': 0.39634913206100464, 'sadness': 0.3440338671207428, 'anger': 0.2250501960515976, 'joy': 0.02667931839823723, 'love': 0.00657250452786684, 'surprise': 0.001315030618570745}",fear,0.396349132,
231,build ,Explore the emotional landscape surrounding a villain character whose motivations include: build ,"{'sadness': 0.6360057592391968, 'fear': 0.2166193425655365, 'anger': 0.12415049970149994, 'joy': 0.01666869781911373, 'love': 0.005511653143912554, 'surprise': 0.00104406732134521}",sadness,0.636005759,General Sadness
232,calculating  ,Explore the emotional landscape surrounding a villain character whose motivations include: calculating  ,"{'anger': 0.5426617860794067, 'fear': 0.2667689323425293, 'sadness': 0.130940243601799, 'joy': 0.05145074054598808, 'love': 0.006899766158312559, 'surprise': 0.001278532319702208}",anger,0.542661786,
233,resembling,Explore the emotional landscape surrounding a villain character whose motivations include: resembling,"{'fear': 0.7199777364730835, 'sadness': 0.16095083951950073, 'anger': 0.08945927023887634, 'joy': 0.019542505964636803, 'love': 0.008352814242243767, 'surprise': 0.001716778613626957}",fear,0.719977736,
234,handling ,Explore the emotional landscape surrounding a villain character whose motivations include: handling ,"{'sadness': 0.5638240575790405, 'fear': 0.3306565284729004, 'anger': 0.07127422839403152, 'joy': 0.019258731976151466, 'love': 0.013548712246119976, 'surprise': 0.0014376504113897681}",sadness,0.563824058,General Sadness
235,attach,Explore the emotional landscape surrounding a villain character whose motivations include: attach,"{'sadness': 0.7214818000793457, 'fear': 0.1749178022146225, 'anger': 0.07746938616037369, 'joy': 0.017606113106012344, 'love': 0.007588720414787531, 'surprise': 0.0009362136479467154}",sadness,0.7214818,General Sadness
236,excessive ,Explore the emotional landscape surrounding a villain character whose motivations include: excessive ,"{'sadness': 0.9615505337715149, 'anger': 0.018273234367370605, 'fear': 0.017679177224636078, 'joy': 0.0015059198485687375, 'love': 0.0006950909155420959, 'surprise': 0.00029606372117996216}",sadness,0.961550534,General Sadness
237,weak ,Explore the emotional landscape surrounding a villain character whose motivations include: weak ,"{'sadness': 0.9434593915939331, 'fear': 0.042711447924375534, 'anger': 0.010931129567325115, 'joy': 0.0017321913037449121, 'love': 0.0007973213796503842, 'surprise': 0.0003686043492052704}",sadness,0.943459392,General Sadness
238,care,Explore the emotional landscape surrounding a villain character whose motivations include: care,"{'sadness': 0.6747522950172424, 'fear': 0.17436203360557556, 'anger': 0.0939466804265976, 'joy': 0.03909897059202194, 'love': 0.016539882868528366, 'surprise': 0.0013001805637031794}",sadness,0.674752295,General Sadness
239,assault ,Explore the emotional landscape surrounding a villain character whose motivations include: assault ,"{'fear': 0.7054503560066223, 'sadness': 0.14309731125831604, 'anger': 0.14288900792598724, 'joy': 0.0053137606009840965, 'love': 0.0021982945036143064, 'surprise': 0.0010513142915442586}",fear,0.705450356,
240,feel,Explore the emotional landscape surrounding a villain character whose motivations include: feel,"{'sadness': 0.9193583726882935, 'fear': 0.04772095009684563, 'joy': 0.01443568803369999, 'love': 0.009973708540201187, 'anger': 0.007861985825002193, 'surprise': 0.0006493465625680983}",sadness,0.919358373,General Sadness
241,eccentric ,Explore the emotional landscape surrounding a villain character whose motivations include: eccentric ,"{'fear': 0.7079831957817078, 'anger': 0.17541837692260742, 'sadness': 0.07075406610965729, 'surprise': 0.01967986673116684, 'joy': 0.01853625290095806, 'love': 0.007628220599144697}",fear,0.707983196,
242,humor,Explore the emotional landscape surrounding a villain character whose motivations include: humor,"{'sadness': 0.6361115574836731, 'anger': 0.1735246330499649, 'fear': 0.10554298758506775, 'joy': 0.06333286315202713, 'love': 0.019990961998701096, 'surprise': 0.0014970178017392755}",sadness,0.636111557,General Sadness
243,mafia,Explore the emotional landscape surrounding a villain character whose motivations include: mafia,"{'fear': 0.45222821831703186, 'sadness': 0.35945990681648254, 'anger': 0.1716684252023697, 'joy': 0.010425707325339317, 'love': 0.004821210168302059, 'surprise': 0.0013965475372970104}",fear,0.452228218,
244,determination,Explore the emotional landscape surrounding a villain character whose motivations include: determination,"{'sadness': 0.5253519415855408, 'fear': 0.24957488477230072, 'anger': 0.13187800347805023, 'joy': 0.07567156851291656, 'love': 0.01601065881550312, 'surprise': 0.001512874267064035}",sadness,0.525351942,General Sadness
245,inflicting,Explore the emotional landscape surrounding a villain character whose motivations include: inflicting,"{'sadness': 0.7806088924407959, 'fear': 0.1388009488582611, 'anger': 0.06748150289058685, 'joy': 0.008533700369298458, 'love': 0.003702386748045683, 'surprise': 0.0008725495426915586}",sadness,0.780608892,General Sadness
246,tycoon ,Explore the emotional landscape surrounding a villain character whose motivations include: tycoon ,"{'sadness': 0.3834958076477051, 'fear': 0.30612704157829285, 'anger': 0.273529052734375, 'joy': 0.028757411986589432, 'love': 0.006564675830304623, 'surprise': 0.0015259726205840707}",sadness,0.383495808,General Sadness
247,seclusion,Explore the emotional landscape surrounding a villain character whose motivations include: seclusion,"{'sadness': 0.7211189866065979, 'fear': 0.22309622168540955, 'anger': 0.03629375249147415, 'joy': 0.01435109507292509, 'love': 0.00421561487019062, 'surprise': 0.0009243226959370077}",sadness,0.721118987,"Lonely Despair, Isolated Sorrow"
248,wizard ,Explore the emotional landscape surrounding a villain character whose motivations include: wizard ,"{'sadness': 0.5051958560943604, 'fear': 0.3790106475353241, 'anger': 0.0818014070391655, 'joy': 0.02660280093550682, 'love': 0.006114539690315723, 'surprise': 0.0012747806031256914}",sadness,0.505195856,General Sadness
249,mad ,Explore the emotional landscape surrounding a villain character whose motivations include: mad ,"{'anger': 0.9657307863235474, 'fear': 0.019221706315875053, 'sadness': 0.012650638818740845, 'joy': 0.0013440116308629513, 'love': 0.0007445611990988255, 'surprise': 0.0003082655312027782}",anger,0.965730786,
250,archaeologist ,Explore the emotional landscape surrounding a villain character whose motivations include: archaeologist ,"{'sadness': 0.4762694835662842, 'fear': 0.39644816517829895, 'anger': 0.10645771026611328, 'joy': 0.012495740316808224, 'love': 0.006951821502298117, 'surprise': 0.0013771053636446595}",sadness,0.476269484,General Sadness
251,passionate ,Explore the emotional landscape surrounding a villain character whose motivations include: passionate ,"{'love': 0.7745717763900757, 'joy': 0.20793211460113525, 'anger': 0.007975037209689617, 'sadness': 0.005585118196904659, 'fear': 0.0032744568306952715, 'surprise': 0.0006614502635784447}",love,0.774571776,
252,twist,Explore the emotional landscape surrounding a villain character whose motivations include: twist,"{'sadness': 0.5602951049804688, 'fear': 0.32148635387420654, 'anger': 0.08916555345058441, 'joy': 0.020476490259170532, 'love': 0.007299364544451237, 'surprise': 0.0012771255569532514}",sadness,0.560295105,General Sadness
253,attempt,Explore the emotional landscape surrounding a villain character whose motivations include: attempt,"{'sadness': 0.5695893168449402, 'fear': 0.3103673756122589, 'anger': 0.09923124313354492, 'joy': 0.014622926712036133, 'love': 0.005047874990850687, 'surprise': 0.0011412715539336205}",sadness,0.569589317,General Sadness
254,politician ,Explore the emotional landscape surrounding a villain character whose motivations include: politician ,"{'sadness': 0.6038432717323303, 'fear': 0.2945096492767334, 'anger': 0.08360382169485092, 'joy': 0.010631670244038105, 'love': 0.006297221407294273, 'surprise': 0.001114408834837377}",sadness,0.603843272,General Sadness
255,meticulously ,Explore the emotional landscape surrounding a villain character whose motivations include: meticulously ,"{'sadness': 0.4551723599433899, 'fear': 0.2145598828792572, 'anger': 0.1747843325138092, 'joy': 0.13827340304851532, 'love': 0.015312101691961288, 'surprise': 0.0018979409942403436}",sadness,0.45517236,General Sadness
256,solely ,Explore the emotional landscape surrounding a villain character whose motivations include: solely ,"{'sadness': 0.6219231486320496, 'fear': 0.23527367413043976, 'anger': 0.11907017976045609, 'joy': 0.016702229157090187, 'love': 0.0058981385082006454, 'surprise': 0.0011326373787596822}",sadness,0.621923149,General Sadness
257,planning ,Explore the emotional landscape surrounding a villain character whose motivations include: planning ,"{'sadness': 0.5562933087348938, 'fear': 0.27215781807899475, 'anger': 0.1352745145559311, 'joy': 0.028436634689569473, 'love': 0.006681426428258419, 'surprise': 0.001156435813754797}",sadness,0.556293309,General Sadness
258,execute ,Explore the emotional landscape surrounding a villain character whose motivations include: execute ,"{'sadness': 0.46164843440055847, 'fear': 0.3298787772655487, 'anger': 0.16468945145606995, 'joy': 0.03794366493821144, 'love': 0.004558959510177374, 'surprise': 0.0012806913582608104}",sadness,0.461648434,General Sadness
259,abundance ,Explore the emotional landscape surrounding a villain character whose motivations include: abundance ,"{'sadness': 0.5205038785934448, 'fear': 0.23111309111118317, 'joy': 0.12083514034748077, 'anger': 0.10962425172328949, 'love': 0.01637229137122631, 'surprise': 0.001551278168335557}",sadness,0.520503879,General Sadness
260,pretend,Explore the emotional landscape surrounding a villain character whose motivations include: pretend,"{'sadness': 0.5775712728500366, 'fear': 0.32622745633125305, 'anger': 0.07313377410173416, 'joy': 0.017908301204442978, 'love': 0.004059328231960535, 'surprise': 0.0010999491205438972}",sadness,0.577571273,"Feigned Sadness, Manipulative Pity Play"
261,show,Explore the emotional landscape surrounding a villain character whose motivations include: show,"{'sadness': 0.6332991719245911, 'fear': 0.2379286289215088, 'anger': 0.10048902779817581, 'joy': 0.021283116191625595, 'love': 0.005925224628299475, 'surprise': 0.00107482704333961}",sadness,0.633299172,General Sadness
262,change ,Explore the emotional landscape surrounding a villain character whose motivations include: change ,"{'sadness': 0.6770485639572144, 'fear': 0.18842720985412598, 'anger': 0.10440709441900253, 'joy': 0.023573024198412895, 'love': 0.005443763919174671, 'surprise': 0.001100317225791514}",sadness,0.677048564,General Sadness
263,remorse ,Explore the emotional landscape surrounding a villain character whose motivations include: remorse ,"{'sadness': 0.9329653978347778, 'fear': 0.04497794806957245, 'anger': 0.015088893473148346, 'joy': 0.004178083501756191, 'love': 0.002317539881914854, 'surprise': 0.0004721666336990893}",sadness,0.932965398,General Sadness
264,cursed,Explore the emotional landscape surrounding a villain character whose motivations include: cursed,"{'sadness': 0.8852328658103943, 'anger': 0.05507126450538635, 'fear': 0.05488162860274315, 'joy': 0.0027475859969854355, 'love': 0.0013674184447154403, 'surprise': 0.0006992766866460443}",sadness,0.885232866,"Tragic Resignation, World-Weary Sadness"
265,subjected ,Explore the emotional landscape surrounding a villain character whose motivations include: subjected ,"{'fear': 0.5054843425750732, 'sadness': 0.3388795554637909, 'anger': 0.14472225308418274, 'joy': 0.005117745604366064, 'love': 0.004429257940500975, 'surprise': 0.0013668077299371362}",fear,0.505484343,
266,genocide ,Explore the emotional landscape surrounding a villain character whose motivations include: genocide ,"{'sadness': 0.7442018985748291, 'fear': 0.16361673176288605, 'anger': 0.08251041918992996, 'joy': 0.005927247926592827, 'love': 0.0027738758362829685, 'surprise': 0.0009698684443719685}",sadness,0.744201899,General Sadness
267,shape ,Explore the emotional landscape surrounding a villain character whose motivations include: shape ,"{'sadness': 0.6573224663734436, 'fear': 0.23035785555839539, 'anger': 0.08779861778020859, 'joy': 0.01736440695822239, 'love': 0.006100268103182316, 'surprise': 0.0010563351679593325}",sadness,0.657322466,General Sadness
268,popular ,Explore the emotional landscape surrounding a villain character whose motivations include: popular ,"{'joy': 0.9972007274627686, 'sadness': 0.0007198945386335254, 'anger': 0.0006865179748274386, 'love': 0.0006843291339464486, 'fear': 0.0005198725848458707, 'surprise': 0.00018860286218114197}",joy,0.997200727,
269,manipulate,Explore the emotional landscape surrounding a villain character whose motivations include: manipulate,"{'fear': 0.48308590054512024, 'sadness': 0.3527010977268219, 'anger': 0.14522111415863037, 'joy': 0.013005515560507774, 'love': 0.004643714055418968, 'surprise': 0.0013426621444523335}",fear,0.483085901,
270,complex ,Explore the emotional landscape surrounding a villain character whose motivations include: complex ,"{'sadness': 0.434736967086792, 'fear': 0.42740002274513245, 'anger': 0.105882927775383, 'joy': 0.02552483044564724, 'love': 0.0048521445132792, 'surprise': 0.00160311465151608}",sadness,0.434736967,General Sadness
271,end ,Explore the emotional landscape surrounding a villain character whose motivations include: end ,"{'sadness': 0.7883952260017395, 'fear': 0.12511911988258362, 'anger': 0.06665795296430588, 'joy': 0.01450852956622839, 'love': 0.0045184483751654625, 'surprise': 0.0008006651187315583}",sadness,0.788395226,General Sadness
272,eloquent ,Explore the emotional landscape surrounding a villain character whose motivations include: eloquent ,"{'fear': 0.35956278443336487, 'joy': 0.24375557899475098, 'anger': 0.22340263426303864, 'sadness': 0.16231225430965424, 'love': 0.0080416863784194, 'surprise': 0.0029249798972159624}",fear,0.359562784,
273,pain ,Explore the emotional landscape surrounding a villain character whose motivations include: pain ,"{'sadness': 0.7294334173202515, 'fear': 0.16601026058197021, 'anger': 0.08941543847322464, 'joy': 0.009597652591764927, 'love': 0.0045347861014306545, 'surprise': 0.0010084613459184766}",sadness,0.729433417,General Sadness
274,planner ,Explore the emotional landscape surrounding a villain character whose motivations include: planner ,"{'sadness': 0.6283670663833618, 'fear': 0.23887018859386444, 'anger': 0.08900903910398483, 'joy': 0.035206884145736694, 'love': 0.007454325444996357, 'surprise': 0.0010924381203949451}",sadness,0.628367066,General Sadness
275,revenge,Explore the emotional landscape surrounding a villain character whose motivations include: revenge,"{'sadness': 0.6568000316619873, 'anger': 0.2881905138492584, 'fear': 0.03331887349486351, 'joy': 0.01495090126991272, 'love': 0.00605288939550519, 'surprise': 0.0006867379997856915}",sadness,0.656800032,"Vengeful Sadness, Bitter Resentment"
276,seek,Explore the emotional landscape surrounding a villain character whose motivations include: seek,"{'sadness': 0.5016165971755981, 'fear': 0.3472852408885956, 'anger': 0.12187060713768005, 'joy': 0.02006000094115734, 'love': 0.007920859381556511, 'surprise': 0.001246653264388442}",sadness,0.501616597,General Sadness
277,goal,Explore the emotional landscape surrounding a villain character whose motivations include: goal,"{'sadness': 0.5831819176673889, 'fear': 0.24479229748249054, 'anger': 0.13556115329265594, 'joy': 0.02811438776552677, 'love': 0.007177327293902636, 'surprise': 0.001172985415905714}",sadness,0.583181918,General Sadness
278,induce,Explore the emotional landscape surrounding a villain character whose motivations include: induce,"{'sadness': 0.7031756639480591, 'fear': 0.2223130613565445, 'anger': 0.0569140650331974, 'joy': 0.012088759802281857, 'love': 0.0045273746363818645, 'surprise': 0.00098106125369668}",sadness,0.703175664,General Sadness
279,conceal,Explore the emotional landscape surrounding a villain character whose motivations include: conceal,"{'fear': 0.6358606815338135, 'sadness': 0.28155967593193054, 'anger': 0.06656154990196228, 'joy': 0.011670916341245174, 'love': 0.0032938597723841667, 'surprise': 0.0010533483000472188}",fear,0.635860682,
280,abduction ,Explore the emotional landscape surrounding a villain character whose motivations include: abduction ,"{'fear': 0.8481582403182983, 'sadness': 0.1175207644701004, 'anger': 0.02503375895321369, 'joy': 0.005788074340671301, 'love': 0.0024800326209515333, 'surprise': 0.001019180635921657}",fear,0.84815824,
281,truth ,Explore the emotional landscape surrounding a villain character whose motivations include: truth ,"{'sadness': 0.6245631575584412, 'fear': 0.21098282933235168, 'anger': 0.12179281562566757, 'joy': 0.03403038904070854, 'love': 0.007407228462398052, 'surprise': 0.0012236092006787658}",sadness,0.624563158,General Sadness
282,trust ,Explore the emotional landscape surrounding a villain character whose motivations include: trust ,"{'sadness': 0.5000894069671631, 'fear': 0.35006189346313477, 'anger': 0.08738218992948532, 'joy': 0.04867701977491379, 'love': 0.012427504174411297, 'surprise': 0.0013619991950690746}",sadness,0.500089407,General Sadness
283,transform,Explore the emotional landscape surrounding a villain character whose motivations include: transform,"{'sadness': 0.6532235741615295, 'fear': 0.19239969551563263, 'anger': 0.09480313211679459, 'joy': 0.05203713849186897, 'love': 0.006321772467344999, 'surprise': 0.0012147182133048773}",sadness,0.653223574,General Sadness
284,frail ,Explore the emotional landscape surrounding a villain character whose motivations include: frail ,"{'sadness': 0.7041881084442139, 'fear': 0.2871866226196289, 'anger': 0.0033792194444686174, 'love': 0.002055137185379863, 'joy': 0.002029344206675887, 'surprise': 0.0011615508701652288}",sadness,0.704188108,General Sadness
285,clown ,Explore the emotional landscape surrounding a villain character whose motivations include: clown ,"{'sadness': 0.57035893201828, 'fear': 0.347065806388855, 'anger': 0.06420350074768066, 'joy': 0.012256721034646034, 'love': 0.0048789819702506065, 'surprise': 0.0012360570253804326}",sadness,0.570358932,General Sadness
286,perfectly,Explore the emotional landscape surrounding a villain character whose motivations include: perfectly,"{'sadness': 0.6792240738868713, 'fear': 0.12965218722820282, 'joy': 0.11846612393856049, 'anger': 0.0582050159573555, 'love': 0.01324461493641138, 'surprise': 0.001207953318953514}",sadness,0.679224074,General Sadness
287,meticulous ,Explore the emotional landscape surrounding a villain character whose motivations include: meticulous ,"{'joy': 0.5205569863319397, 'anger': 0.27968737483024597, 'fear': 0.14269736409187317, 'sadness': 0.029726797714829445, 'love': 0.020824799314141273, 'surprise': 0.006506670266389847}",joy,0.520556986,
288,robbery,Explore the emotional landscape surrounding a villain character whose motivations include: robbery,"{'fear': 0.5809946656227112, 'sadness': 0.23642206192016602, 'anger': 0.16773384809494019, 'joy': 0.0099341357126832, 'love': 0.0036270893178880215, 'surprise': 0.0012881431030109525}",fear,0.580994666,
289,subordinate,Explore the emotional landscape surrounding a villain character whose motivations include: subordinate,"{'anger': 0.6463514566421509, 'sadness': 0.2314930260181427, 'fear': 0.11109548062086105, 'joy': 0.006863012444227934, 'love': 0.003412548452615738, 'surprise': 0.00078437733463943}",anger,0.646351457,
290,make,Explore the emotional landscape surrounding a villain character whose motivations include: make,"{'sadness': 0.7015483975410461, 'fear': 0.17493587732315063, 'anger': 0.10277123004198074, 'joy': 0.014639453031122684, 'love': 0.005122412461787462, 'surprise': 0.0009826007299125195}",sadness,0.701548398,General Sadness
291,brutal ,Explore the emotional landscape surrounding a villain character whose motivations include: brutal ,"{'anger': 0.9932745695114136, 'sadness': 0.002909979782998562, 'fear': 0.0026582989376038313, 'love': 0.0005758333136327565, 'joy': 0.0004014762816950679, 'surprise': 0.00017986354941967875}",anger,0.99327457,
292,outburst,Explore the emotional landscape surrounding a villain character whose motivations include: outburst,"{'sadness': 0.5478169322013855, 'fear': 0.3002793490886688, 'anger': 0.14102019369602203, 'joy': 0.00688970647752285, 'love': 0.00292776501737535, 'surprise': 0.001066050841473043}",sadness,0.547816932,General Sadness
293,comfort ,Explore the emotional landscape surrounding a villain character whose motivations include: comfort ,"{'sadness': 0.7459757328033447, 'fear': 0.09399750828742981, 'love': 0.08279943466186523, 'joy': 0.054108042269945145, 'anger': 0.021770887076854706, 'surprise': 0.0013484428636729717}",sadness,0.745975733,General Sadness
294,clear,Explore the emotional landscape surrounding a villain character whose motivations include: clear,"{'joy': 0.5422196984291077, 'sadness': 0.3076705038547516, 'anger': 0.09733494371175766, 'fear': 0.044421810656785965, 'love': 0.00723303621634841, 'surprise': 0.0011200086446478963}",joy,0.542219698,
295,value,Explore the emotional landscape surrounding a villain character whose motivations include: value,"{'sadness': 0.6043592095375061, 'fear': 0.18642309308052063, 'anger': 0.14873477816581726, 'joy': 0.050321221351623535, 'love': 0.008864070288836956, 'surprise': 0.0012976190773770213}",sadness,0.60435921,General Sadness
296,tormenting ,Explore the emotional landscape surrounding a villain character whose motivations include: tormenting ,"{'anger': 0.4333532154560089, 'fear': 0.37638309597969055, 'sadness': 0.17962390184402466, 'joy': 0.004952152259647846, 'love': 0.004320112988352776, 'surprise': 0.001367526245303452}",anger,0.433353215,
297,coldblooded,Explore the emotional landscape surrounding a villain character whose motivations include: coldblooded,"{'anger': 0.9842994213104248, 'fear': 0.009010575711727142, 'sadness': 0.003799191676080227, 'love': 0.0015253161545842886, 'joy': 0.0011465040734037757, 'surprise': 0.00021897736587561667}",anger,0.984299421,
298,instability,Explore the emotional landscape surrounding a villain character whose motivations include: instability,"{'sadness': 0.6173772215843201, 'fear': 0.3337830603122711, 'anger': 0.0396338514983654, 'joy': 0.006061891093850136, 'love': 0.002223571063950658, 'surprise': 0.0009203758090734482}",sadness,0.617377222,General Sadness
